3.png;8;14;6;16;3;0;3;13;8.77311;
7.png;0;24;12;17;3;0;8;11;7.66935;
1.png;5;10;12;13;3;0;8;11;3.99453;
6.png;3;10;7;10;3;2;7;0;17.6628;
5.png;9;9;16;12;3;1;8;6;2.67988;
4.png;10;5;16;3;2;1;10;8;279.613;
9.png;0;11;2;13;1;0;6;8;119.423;
10.png;9;28;2;9;3;1;10;0;3.80992;
8.png;10;14;13;11;0;1;5;2;216.156;
12.png;7;6;5;3;3;1;0;0;7.02731;
11.png;11;23;11;10;3;1;10;8;5.48014;
13.png;10;2;17;15;3;1;9;10;4.32749;
15.png;4;19;7;19;3;1;8;6;4.03912;
14.png;4;1;17;4;3;1;11;12;13.9007;
16.png;9;21;16;12;3;2;6;13;8.15125;
18.png;7;11;13;0;3;2;5;8;4.84489;
17.png;4;3;15;16;3;0;10;11;6.5429;
19.png;9;11;12;10;3;0;10;1;8.69736;
20.png;12;15;13;5;3;1;10;12;10.1315;
21.png;0;24;19;0;3;1;10;0;1.43059;
23.png;2;8;14;18;3;4;11;2;36.7918;
24.png;9;13;19;9;3;2;8;13;17.8181;
22.png;9;22;5;5;3;4;4;8;20.5841;
25.png;8;14;11;19;3;1;4;8;13.8152;
26.png;7;3;16;12;3;1;5;10;2.61067;
27.png;11;3;12;3;3;0;9;8;7.33273;
28.png;8;29;11;18;3;1;0;8;5.30641;
29.png;8;20;14;13;3;4;5;2;33.347;
31.png;5;14;5;18;3;0;10;10;1.70678;
30.png;12;12;18;18;3;1;9;0;22.4172;
32.png;10;5;7;16;3;0;10;6;6.06445;
33.png;9;0;18;0;3;4;3;1;32.6268;
34.png;5;5;11;14;3;0;8;1;22.367;
35.png;3;22;18;16;3;4;6;0;18.46;
37.png;9;16;6;0;3;4;3;12;13.3906;
36.png;10;2;7;9;3;1;9;6;4.28348;
38.png;5;27;19;13;3;0;10;9;5.14083;
39.png;9;10;16;15;3;1;5;5;5.27579;
40.png;12;8;12;12;3;1;0;11;11.6967;
41.png;5;22;9;2;3;0;6;12;1.72555;
43.png;4;17;13;15;3;0;0;8;5.50869;
42.png;11;27;12;4;3;2;8;8;12.1112;
44.png;0;22;13;18;3;2;5;11;3.80668;
46.png;5;29;16;3;3;1;10;10;1.89066;
45.png;11;27;2;2;3;1;0;11;11.0068;
47.png;0;8;13;13;3;4;5;8;9.51679;
49.png;4;1;19;6;3;1;9;12;4.07881;
48.png;11;29;5;5;3;1;3;13;6.71257;
50.png;8;14;16;15;3;0;2;8;17.3573;
51.png;4;14;11;0;3;5;9;8;28.3436;
52.png;8;16;4;9;3;0;8;8;1.91509;
53.png;9;18;16;0;3;0;3;9;5.34047;
55.png;12;22;5;19;3;0;10;8;9.06295;
54.png;10;24;19;8;3;1;10;6;14.018;
56.png;0;6;13;10;3;1;1;10;3.25276;
58.png;8;16;8;18;3;1;5;3;15.0425;
57.png;5;29;16;0;3;1;6;2;12.2946;
61.png;0;9;16;0;3;0;8;1;9.00428;
59.png;5;12;9;2;3;0;8;0;10.7126;
60.png;9;7;18;13;3;1;3;9;12.7863;
62.png;8;3;13;18;3;5;10;12;25.7352;
64.png;2;14;11;0;3;4;6;10;20.489;
65.png;10;7;9;2;3;3;6;0;23.1987;
63.png;12;20;7;18;3;4;10;10;28.812;
66.png;0;11;4;5;3;1;8;6;2.44377;
67.png;10;24;8;3;3;1;0;13;7.24468;
68.png;3;4;18;3;3;0;9;0;14.6935;
69.png;1;24;13;13;3;4;11;2;41.5732;
70.png;8;0;5;6;3;4;6;8;21.8338;
72.png;8;21;14;11;3;1;5;3;20.5039;
71.png;3;5;16;2;3;5;1;6;31.9698;
73.png;11;15;12;18;3;5;8;10;32.0883;
74.png;3;28;9;17;3;0;3;5;11.4222;
75.png;12;22;9;12;3;5;5;6;33.6064;
77.png;8;24;12;6;3;2;8;9;8.86596;
76.png;0;6;12;9;3;2;8;0;4.46949;
79.png;13;9;5;13;3;2;9;10;26.901;
78.png;9;9;11;10;3;5;5;0;27.9764;
80.png;7;3;5;0;3;1;5;11;2.63313;
81.png;8;2;4;12;3;1;7;9;15.9418;
82.png;12;1;5;13;3;0;10;1;15.007;
84.png;10;1;13;10;3;0;10;0;1.73;
83.png;3;7;19;13;3;1;6;12;6.15865;
85.png;4;11;14;3;3;1;5;6;3.44651;
86.png;2;22;8;14;3;2;5;8;25.4591;
87.png;9;9;2;13;3;4;10;9;16.0057;
88.png;0;9;5;12;3;1;1;5;5.68011;
91.png;0;8;14;18;3;0;10;0;1.56221;
89.png;3;17;14;3;0;1;10;6;205.852;
90.png;4;28;15;5;2;1;9;6;282.585;
92.png;10;28;13;19;0;2;1;8;207.262;
94.png;5;17;16;5;3;0;0;2;16.6267;
93.png;8;28;9;16;0;0;7;11;214.991;
97.png;8;0;6;11;3;1;5;5;21.0123;
95.png;0;5;13;15;1;2;8;8;120.283;
96.png;9;16;13;9;3;1;8;12;1.19942;
98.png;5;11;5;13;0;2;6;8;204.918;
100.png;9;18;2;5;3;0;10;0;4.60691;
99.png;5;1;7;10;3;0;8;10;2.48451;
103.png;4;17;5;9;1;1;3;7;136.131;
102.png;3;13;4;10;3;1;10;11;16.6879;
101.png;11;29;19;0;3;4;10;0;13.2404;
104.png;9;0;8;7;3;4;10;0;27.5834;
105.png;3;29;12;6;3;1;7;2;25.8146;
106.png;10;18;11;16;1;0;6;1;126.327;
107.png;9;0;16;18;3;0;2;11;28.905;
108.png;3;17;9;13;1;1;1;5;122.196;
109.png;0;21;6;0;3;0;6;0;8.80151;
110.png;0;8;14;10;1;1;9;2;128.413;
111.png;12;24;13;15;3;5;8;5;35.2417;
112.png;9;8;11;5;3;0;6;2;13.9837;
113.png;0;16;16;18;3;0;6;13;2.57564;
115.png;8;17;19;9;3;1;3;0;1.41211;
114.png;8;5;16;16;3;4;10;12;12.7055;
116.png;9;19;15;8;3;2;6;13;19.3531;
117.png;11;16;12;3;3;5;10;10;30.4376;
118.png;8;3;11;13;3;1;10;7;20.7972;
119.png;4;19;9;15;3;1;9;1;9.66886;
121.png;2;16;2;13;3;0;5;5;16.7922;
120.png;10;15;7;10;3;2;9;11;7.26273;
122.png;10;14;19;15;3;0;9;13;3.86598;
123.png;10;11;2;3;3;2;3;1;13.6209;
124.png;9;3;9;6;3;2;8;0;4.87485;
125.png;4;11;19;18;3;1;6;12;1.55277;
126.png;13;19;6;18;3;1;10;12;26.7747;
127.png;3;11;10;6;3;4;6;6;24.5024;
128.png;5;16;4;0;3;1;6;6;2.0026;
129.png;7;23;13;13;3;0;6;8;2.54245;
131.png;0;6;1;9;3;1;6;11;8.05376;
130.png;10;22;4;8;3;1;6;11;13.4724;
133.png;9;4;19;18;3;0;11;10;11.7357;
132.png;8;2;5;1;3;4;10;0;22.9497;
134.png;9;19;16;5;3;1;10;6;2.27501;
135.png;8;27;11;0;3;0;8;8;2.45223;
136.png;8;4;13;19;3;1;6;12;6.00191;
137.png;9;0;12;10;3;0;6;10;13.0528;
139.png;9;22;12;13;3;1;11;9;10.8385;
138.png;8;21;19;10;3;4;8;9;16.1655;
140.png;12;23;13;16;3;5;7;0;44.3363;
141.png;10;24;2;13;3;2;8;1;12.984;
143.png;10;16;16;12;3;1;10;11;1.27423;
142.png;10;1;13;9;3;4;10;6;10.1391;
144.png;5;28;12;0;3;2;6;13;4.96289;
145.png;0;6;2;10;3;1;6;5;6.28373;
146.png;13;0;5;10;3;1;3;5;36.4376;
147.png;3;11;5;4;0;4;1;1;226.3;
148.png;4;3;19;15;3;1;4;0;12.526;
149.png;5;14;2;4;3;1;10;13;9.738;
151.png;5;7;18;5;3;0;6;2;21.2752;
150.png;0;3;11;15;3;0;3;6;3.35417;
152.png;0;9;8;13;3;0;1;11;4.5834;
153.png;5;11;4;0;3;1;9;0;2.86068;
154.png;13;8;9;1;3;4;8;10;43.6474;
155.png;5;25;4;8;3;0;10;11;20.6984;
156.png;7;17;14;3;3;0;6;6;3.99118;
157.png;0;3;8;12;3;1;10;10;1.64127;
158.png;9;16;12;14;3;1;8;0;12.5601;
159.png;0;8;12;12;3;5;11;2;43.4567;
160.png;1;19;2;1;3;0;3;11;31.954;
161.png;3;4;16;2;3;5;3;0;32.4309;
162.png;7;1;11;11;3;1;11;5;13.9006;
163.png;4;18;19;0;3;0;6;3;15.3612;
164.png;1;22;16;18;3;4;1;9;28.7802;
165.png;13;15;13;12;3;4;10;6;34.2608;
166.png;8;2;15;13;3;1;5;7;23.7213;
167.png;10;2;2;15;3;1;6;0;4.58835;
168.png;2;3;5;10;3;4;9;0;20.7518;
169.png;4;22;1;2;3;2;10;3;23.0938;
170.png;2;24;5;8;3;0;6;1;31.1519;
171.png;5;18;16;5;3;4;7;3;33.0839;
172.png;11;28;14;6;3;4;8;10;14.6906;
174.png;4;10;17;18;3;1;6;13;5.55651;
173.png;4;29;19;18;3;1;0;0;5.08063;
175.png;5;22;5;2;3;0;3;10;2.0686;
176.png;10;2;9;12;3;1;10;0;2.23741;
177.png;5;23;10;6;3;0;8;6;14.6188;
178.png;8;22;9;5;3;2;6;7;22.5961;
180.png;10;16;10;0;3;0;10;8;12.1127;
179.png;8;22;8;19;3;2;0;7;27.278;
181.png;11;25;16;3;3;0;10;8;12.238;
182.png;5;15;5;3;3;1;6;6;4.74479;
183.png;11;14;17;2;3;0;6;8;6.611;
184.png;7;5;16;2;3;4;6;5;14.215;
186.png;7;24;19;10;3;5;10;7;46.2537;
187.png;3;5;13;13;3;1;3;2;16.2115;
185.png;10;14;15;2;3;4;6;6;12.2936;
188.png;12;2;5;10;3;1;10;12;8.46311;
189.png;0;22;13;13;3;1;9;6;2.63022;
190.png;0;22;17;12;3;4;9;8;11.7839;
191.png;4;6;14;10;3;5;0;12;30.5437;
192.png;8;22;2;8;3;0;5;6;17.1311;
193.png;7;18;7;5;0;5;3;1;236.114;
194.png;3;20;16;16;3;2;3;8;20.0754;
195.png;10;14;14;9;3;1;9;8;2.171;
196.png;8;11;8;19;3;2;9;5;8.35426;
197.png;9;28;13;16;3;4;7;4;43.1288;
198.png;8;4;7;6;3;1;9;8;7.82038;
199.png;0;10;19;4;3;1;0;2;21.9859;
200.png;8;27;14;18;3;1;10;8;0.840054;
201.png;12;19;19;15;3;1;8;0;8.07393;
202.png;7;5;9;13;3;1;3;10;3.87729;
203.png;4;27;19;19;3;1;1;6;4.73434;
204.png;8;23;4;2;3;2;10;12;3.47507;
205.png;13;17;14;7;3;2;3;11;32.0478;
206.png;10;20;16;17;3;1;6;10;18.5019;
207.png;13;16;15;16;3;0;10;5;29.717;
208.png;10;13;13;6;3;3;9;6;36.2175;
209.png;2;5;19;18;3;0;6;8;13.3358;
211.png;10;6;9;18;3;0;10;13;3.28105;
210.png;0;16;14;6;3;1;1;10;3.90973;
212.png;10;11;16;15;3;0;6;4;23.5009;
213.png;8;1;11;18;3;0;0;1;12.8266;
214.png;2;26;2;13;3;1;8;13;25.4867;
216.png;8;21;2;9;3;2;1;13;12.0809;
215.png;8;0;13;0;3;2;3;6;15.4502;
217.png;7;3;16;16;3;2;8;12;6.19432;
218.png;0;22;10;8;3;0;1;11;26.2717;
219.png;5;18;19;0;3;1;7;10;11.0536;
220.png;5;14;13;1;3;1;8;10;13.8516;
223.png;4;28;14;19;3;1;1;0;4.43725;
222.png;5;9;6;7;3;1;8;2;23.2315;
221.png;9;18;13;7;3;0;7;8;17.8926;
224.png;0;15;9;6;3;1;10;5;6.59394;
225.png;8;29;15;16;3;0;10;8;5.78109;
227.png;12;3;9;13;3;5;5;13;33.9321;
226.png;7;5;7;17;2;0;3;8;286.622;
228.png;9;11;19;15;3;4;7;2;30.5794;
229.png;5;20;19;18;3;1;10;5;15.7835;
230.png;12;23;8;10;3;1;6;1;14.7452;
231.png;12;27;9;12;3;1;5;10;8.11744;
233.png;10;26;9;11;3;0;1;10;16.011;
234.png;9;27;10;12;3;2;8;11;14.7521;
232.png;10;19;12;16;3;0;10;6;4.43145;
235.png;9;18;16;0;3;2;1;8;4.84355;
236.png;5;15;12;9;3;1;3;12;3.96665;
237.png;5;29;12;13;3;4;6;3;23.0991;
238.png;0;8;16;15;3;2;5;12;3.48488;
241.png;3;11;5;15;3;1;10;1;10.1101;
239.png;9;17;15;15;3;1;6;12;3.35563;
240.png;9;2;5;12;3;1;4;8;13.2105;
242.png;3;6;5;19;3;1;10;11;5.20422;
243.png;4;17;16;13;3;0;9;6;3.71488;
244.png;5;14;14;10;3;5;3;8;26.3259;
245.png;11;17;2;18;3;1;7;9;20.5461;
247.png;2;20;5;15;3;0;8;12;24.4162;
246.png;2;14;4;0;2;0;9;1;296.506;
248.png;9;3;13;3;1;1;6;8;117.049;
249.png;7;16;9;13;3;1;6;8;1.82952;
250.png;10;23;16;6;3;0;3;10;3.0384;
251.png;11;21;5;10;3;4;6;3;29.7153;
252.png;1;5;9;19;3;0;0;5;24.4195;
253.png;12;25;14;5;3;4;6;6;23.3227;
254.png;3;3;17;16;2;0;6;10;283.438;
255.png;8;2;0;6;3;2;6;12;9.82694;
256.png;10;13;9;17;3;0;6;13;20.8489;
257.png;0;2;4;2;3;1;1;10;3.89205;
258.png;10;27;16;13;3;0;0;12;4.79734;
259.png;10;7;12;17;3;1;8;2;20.4069;
260.png;0;1;17;15;3;2;8;13;5.95503;
261.png;10;19;5;18;3;0;1;9;6.83007;
262.png;8;11;7;10;3;1;10;0;1.65211;
263.png;0;13;13;0;3;1;8;10;14.0838;
264.png;7;8;9;7;3;1;10;13;9.44934;
265.png;0;16;17;5;3;4;6;8;10.7663;
266.png;2;0;11;10;3;0;9;2;36.1297;
267.png;0;10;14;3;3;0;8;1;10.8393;
268.png;3;3;2;10;3;1;3;0;6.04443;
269.png;2;27;16;17;3;5;6;8;41.0628;
270.png;7;26;7;0;3;5;6;9;41.3569;
271.png;10;14;7;6;3;2;10;10;5.00282;
272.png;1;8;19;10;3;1;3;0;15.7511;
273.png;11;8;6;0;3;4;2;8;32.6369;
274.png;8;14;9;19;3;2;9;11;5.73596;
276.png;11;23;7;11;3;0;3;13;9.72653;
277.png;6;23;9;15;3;1;2;10;36.9699;
275.png;9;5;15;15;3;0;5;9;9.55798;
278.png;10;24;19;5;3;4;8;11;10.4309;
279.png;13;9;12;7;3;4;6;0;38.524;
280.png;8;17;16;15;3;0;6;12;1.47216;
281.png;3;29;9;5;3;2;10;12;5.8662;
282.png;11;28;5;6;3;1;9;5;9.48211;
283.png;10;0;13;3;3;5;1;6;39.9851;
284.png;4;14;0;2;3;1;8;0;5.93859;
285.png;8;6;14;16;3;1;6;3;16.9586;
286.png;8;4;7;13;3;4;5;10;14.0983;
289.png;11;5;12;2;3;0;10;11;7.48931;
287.png;0;17;16;2;3;2;1;12;4.7587;
288.png;0;17;7;18;3;1;6;6;1.90643;
290.png;0;16;19;19;3;1;3;7;21.1815;
291.png;9;3;16;0;3;1;9;12;2.08079;
292.png;2;14;16;9;3;1;8;8;11.3234;
294.png;5;22;12;19;3;4;9;9;15.3647;
295.png;9;25;16;16;3;1;10;11;9.41435;
293.png;0;26;7;0;3;0;6;0;12.6244;
296.png;9;24;14;18;3;1;10;8;1.43658;
297.png;7;13;16;18;3;5;1;12;41.4227;
298.png;8;22;16;5;3;0;3;8;2.08515;
299.png;1;23;8;9;3;1;10;6;16.6478;
300.png;4;22;19;19;3;4;8;0;11.0414;
301.png;1;10;4;19;3;2;0;8;24.201;
302.png;12;22;5;8;3;1;6;1;26.368;
303.png;7;23;15;7;1;1;6;11;126.304;
305.png;7;1;6;19;3;4;6;13;16.6417;
304.png;9;1;17;2;3;1;10;0;2.57822;
306.png;7;28;9;4;3;2;6;10;9.23079;
307.png;0;0;2;0;3;0;6;5;17.4423;
308.png;8;27;19;12;3;5;8;10;26.1408;
309.png;0;27;16;18;3;2;7;1;19.7545;
310.png;5;23;12;19;3;0;5;10;3.39696;
311.png;8;17;19;13;3;4;11;7;34.4032;
312.png;9;29;17;15;3;0;8;5;5.27733;
313.png;13;24;9;15;3;1;6;0;23.3804;
314.png;10;16;13;18;1;4;8;0;124.676;
315.png;12;5;0;0;3;2;4;8;26.5374;
317.png;9;2;16;12;3;1;6;12;2.29087;
316.png;0;0;7;12;3;1;10;6;13.4763;
319.png;10;23;0;12;3;1;3;11;5.84509;
318.png;10;10;19;12;3;0;2;8;19.2027;
320.png;10;11;19;10;3;4;6;0;9.4696;
321.png;0;18;12;13;3;1;10;11;1.27966;
323.png;4;16;14;13;3;4;11;12;15.9773;
322.png;0;3;4;6;3;0;9;6;4.87502;
325.png;3;23;13;8;3;2;3;11;18.1735;
324.png;3;29;8;5;3;1;8;10;4.26688;
326.png;11;23;19;12;3;1;7;12;14.8559;
327.png;9;0;9;5;3;0;10;10;13.2062;
329.png;9;24;9;3;3;1;4;11;13.3774;
328.png;0;22;17;8;3;0;3;12;15.0474;
330.png;3;10;7;19;3;5;3;13;32.7857;
331.png;8;16;13;11;3;2;8;11;6.04909;
332.png;10;11;14;5;3;0;8;9;5.70803;
333.png;12;13;5;13;3;1;3;13;22.0542;
335.png;0;16;9;5;3;1;8;11;1.56166;
334.png;11;16;5;11;3;2;8;1;16.2802;
336.png;4;14;6;17;3;1;6;1;17.2194;
337.png;4;22;13;10;1;0;9;8;118.421;
338.png;9;11;14;10;3;0;8;11;2.22708;
339.png;0;8;9;4;3;0;10;11;6.5125;
341.png;7;15;13;12;3;0;8;13;6.46273;
340.png;9;1;4;12;3;1;6;7;20.7554;
342.png;3;4;14;0;3;1;1;7;27.8501;
343.png;5;17;16;14;3;2;8;12;14.6133;
344.png;8;6;16;5;3;1;5;9;5.88972;
345.png;7;8;6;18;3;1;9;8;6.78909;
347.png;7;17;14;2;3;1;11;13;9.49392;
346.png;12;5;8;7;3;3;5;0;35.7055;
348.png;0;5;13;16;3;2;6;8;6.72718;
349.png;2;9;11;0;3;2;8;1;21.9675;
350.png;10;6;7;12;3;5;10;12;27.1427;
351.png;8;4;16;11;3;4;8;11;16.0111;
352.png;0;19;14;15;3;1;8;6;2.03466;
353.png;10;11;5;0;3;2;6;8;3.29414;
354.png;11;28;19;18;3;1;8;2;15.9094;
355.png;9;18;12;18;3;3;9;0;21.5576;
356.png;7;5;16;11;3;2;10;0;8.43912;
357.png;8;6;9;15;3;0;9;1;10.1822;
359.png;3;22;6;18;3;5;3;11;32.3359;
360.png;8;14;14;19;3;0;9;13;5.09004;
358.png;4;27;11;6;3;4;8;2;23.21;
361.png;12;19;4;9;1;5;9;10;149.556;
362.png;7;28;4;6;3;1;3;9;7.4438;
364.png;11;0;14;7;3;1;10;12;22.3615;
363.png;7;29;2;7;3;1;11;8;17.0918;
365.png;12;5;19;2;3;0;6;11;10.1227;
366.png;9;23;11;17;1;1;9;8;123.437;
367.png;5;28;18;9;3;1;8;3;19.7295;
368.png;8;6;5;16;3;0;3;9;7.91746;
369.png;8;6;9;18;3;1;8;11;1.94953;
370.png;10;29;9;3;3;1;6;0;1.7618;
371.png;0;4;10;9;3;4;3;5;26.6058;
372.png;0;1;4;1;3;0;10;10;14.4231;
373.png;9;5;16;18;3;2;3;4;27.0352;
374.png;11;14;4;15;3;1;6;11;5.34364;
375.png;10;14;19;3;3;1;7;12;11.4686;
376.png;9;11;8;18;3;1;6;9;5.16434;
377.png;11;17;8;15;3;1;1;1;13.6204;
379.png;3;7;2;19;3;0;8;10;10.5059;
378.png;0;7;5;3;3;0;6;8;5.20306;
380.png;7;6;9;10;3;1;3;9;6.41333;
381.png;7;14;9;9;3;1;4;10;13.0364;
382.png;9;14;19;15;1;0;5;5;119.566;
385.png;7;18;6;18;3;1;11;11;12.2204;
383.png;8;22;4;11;3;1;1;11;5.49561;
384.png;9;11;15;15;3;0;10;7;23.1847;
386.png;2;5;19;13;3;2;5;12;15.4619;
388.png;5;21;9;13;3;1;8;7;23.5442;
387.png;4;12;19;13;0;1;6;6;212.106;
390.png;9;27;12;19;3;0;3;3;16.4652;
389.png;0;3;8;13;3;4;5;5;12.289;
391.png;0;2;15;13;3;1;8;2;15.4545;
392.png;7;16;2;5;3;1;6;6;5.48151;
393.png;0;16;19;10;3;4;5;3;22.8233;
394.png;9;8;12;13;3;1;8;8;1.17282;
396.png;5;7;5;19;3;1;3;8;5.49603;
397.png;9;16;5;3;3;2;7;5;16.1114;
395.png;0;22;12;15;3;0;3;13;3.18433;
398.png;6;21;16;19;3;1;3;0;25.9275;
400.png;7;2;14;6;3;2;0;11;10.5501;
402.png;0;22;14;17;3;1;9;11;7.47923;
399.png;8;23;15;4;3;2;1;13;13.3112;
403.png;5;25;7;15;3;1;1;0;9.7525;
401.png;10;29;7;0;3;1;8;1;8.27682;
404.png;1;2;15;10;3;1;10;11;19.0686;
405.png;2;15;16;13;3;4;10;13;22.8777;
406.png;4;16;16;0;3;4;10;5;11.8611;
407.png;7;14;16;3;3;0;6;0;3.43541;
408.png;3;14;16;9;3;5;5;11;28.8068;
409.png;11;23;2;9;3;2;9;9;14.2808;
410.png;10;9;4;9;1;0;8;13;119.173;
411.png;5;13;9;13;3;1;7;8;24.0169;
413.png;0;7;1;13;3;1;8;13;11.241;
414.png;6;16;4;13;3;0;8;0;22.1486;
415.png;7;18;5;10;3;2;0;6;8.34714;
412.png;4;5;17;18;3;4;3;13;14.1445;
417.png;9;11;12;9;3;1;3;12;1.77797;
416.png;11;19;7;15;3;0;8;0;6.38452;
418.png;8;5;12;3;3;4;10;12;11.7878;
419.png;0;18;4;12;0;4;9;11;212.511;
421.png;4;6;13;9;3;5;3;5;29.704;
420.png;13;6;5;1;1;1;7;0;161.371;
423.png;0;13;13;0;3;0;10;12;14.5204;
422.png;12;19;12;18;3;0;6;12;8.56825;
426.png;13;6;14;10;3;2;10;12;25.7828;
424.png;8;24;19;13;3;0;3;8;2.21045;
425.png;10;15;8;4;3;1;5;8;8.78769;
427.png;4;18;16;6;3;2;6;5;7.27486;
429.png;8;23;12;17;3;1;10;3;19.5243;
428.png;12;22;19;15;3;1;10;0;7.59518;
432.png;8;17;0;18;3;0;8;8;5.6619;
433.png;5;23;16;5;3;4;8;10;9.93439;
430.png;10;2;9;12;3;1;10;6;2.73979;
431.png;4;6;10;13;2;1;3;8;289.716;
434.png;8;7;9;15;3;0;10;11;4.83518;
435.png;12;9;16;0;3;1;8;10;8.28136;
436.png;4;27;6;16;3;1;10;7;26.0857;
437.png;7;16;19;12;3;2;10;10;4.48842;
439.png;2;29;5;13;3;2;10;13;14.7362;
438.png;4;14;12;12;3;1;0;2;16.513;
440.png;10;7;14;12;3;0;5;11;5.52768;
441.png;5;16;15;12;3;0;3;5;6.83565;
443.png;8;2;19;12;3;0;6;2;13.9623;
442.png;7;16;13;13;3;2;3;8;4.49601;
444.png;9;0;16;0;3;0;6;0;12.9649;
445.png;0;13;11;10;3;4;3;6;24.0782;
446.png;10;16;16;18;3;1;6;6;1.34906;
447.png;9;0;7;9;3;0;5;8;13.7996;
448.png;6;10;9;10;3;1;10;0;22.8386;
449.png;9;16;7;11;3;2;10;0;6.28917;
450.png;9;6;5;2;3;2;8;2;15.2923;
451.png;8;8;19;2;3;1;9;12;2.03591;
452.png;9;2;17;0;3;4;9;10;12.8047;
453.png;11;16;12;7;3;1;7;5;23.3639;
454.png;10;24;12;2;3;1;10;10;1.55555;
457.png;10;9;14;18;3;1;8;11;1.95914;
456.png;0;17;6;0;3;0;10;0;5.35142;
455.png;11;18;7;2;3;2;3;8;7.79489;
458.png;4;11;16;15;3;2;6;12;3.92706;
459.png;10;28;4;5;3;0;8;2;13.3616;
461.png;0;1;5;5;3;0;9;3;16.5175;
462.png;11;18;18;19;3;1;10;13;11.9372;
460.png;10;22;11;16;3;1;9;9;8.22817;
463.png;8;23;0;12;3;1;6;13;6.60137;
464.png;2;13;19;12;3;1;3;6;25.4179;
465.png;9;16;9;5;3;2;7;8;13.5089;
467.png;4;29;2;5;3;0;3;5;7.53362;
466.png;0;25;13;12;3;0;10;6;8.72773;
468.png;8;8;19;15;3;5;3;1;32.8307;
469.png;2;14;17;1;3;0;3;0;25.985;
471.png;7;23;11;15;3;4;7;8;21.1217;
470.png;11;23;9;18;3;0;11;10;11.4315;
473.png;0;28;10;15;3;0;10;7;31.3705;
475.png;5;13;16;5;3;0;6;13;16.4086;
474.png;9;7;16;3;3;2;3;13;8.55791;
472.png;10;28;14;16;3;2;10;0;5.28556;
477.png;12;23;16;11;3;2;1;0;13.9577;
476.png;1;7;8;0;3;1;5;8;19.3195;
480.png;8;28;5;16;3;5;1;6;30.0062;
478.png;0;15;9;10;3;2;6;5;7.56652;
481.png;4;22;9;9;3;2;8;12;3.87968;
479.png;4;6;4;10;3;1;9;3;16.8609;
482.png;12;7;13;9;3;0;10;0;11.44;
483.png;10;28;16;13;3;4;3;2;20.5683;
486.png;0;29;5;3;1;2;8;5;121.6;
485.png;2;3;14;10;3;2;5;8;13.8629;
487.png;0;27;15;12;3;1;9;1;11.3957;
484.png;12;27;10;13;3;1;6;6;18.9102;
488.png;4;1;17;15;3;1;1;0;4.65697;
489.png;8;9;15;2;3;1;3;5;6.54352;
490.png;7;18;4;0;3;0;8;6;3.55857;
491.png;10;2;9;15;3;2;3;6;5.13615;
492.png;10;3;16;18;3;2;10;5;5.2308;
493.png;3;22;8;8;3;0;8;8;16.3892;
494.png;7;3;2;19;3;4;3;6;14.8286;
495.png;12;14;13;13;3;0;5;0;8.68402;
496.png;0;21;5;15;3;0;5;5;7.44488;
498.png;11;12;4;13;3;1;5;1;20.8185;
497.png;11;11;18;15;3;0;0;0;14.128;
499.png;8;17;17;0;3;2;8;5;6.72225;
500.png;3;8;2;13;3;3;5;6;25.7416;
501.png;8;16;17;10;3;4;1;13;13.2762;
502.png;2;16;19;2;3;4;0;10;23.0061;
503.png;4;8;19;16;3;2;10;8;5.48;
504.png;10;2;11;0;3;1;6;11;3.10559;
505.png;10;7;13;0;3;1;6;10;3.96215;
506.png;9;27;11;13;3;2;8;8;4.22184;
508.png;7;15;5;18;3;4;11;10;18.7227;
507.png;0;7;12;16;3;0;1;12;8.20589;
510.png;4;28;14;8;3;0;5;5;16.9015;
509.png;0;23;7;6;3;1;5;2;14.1537;
511.png;0;17;7;12;3;0;9;6;3.97025;
512.png;8;27;19;3;3;1;8;2;12.779;
513.png;12;25;9;18;3;1;8;5;16.0473;
515.png;3;10;19;18;1;4;9;8;129.537;
514.png;8;26;7;4;3;1;5;1;23.9526;
516.png;7;3;11;13;3;0;6;5;5.6928;
517.png;0;8;13;12;3;0;8;13;3.068;
518.png;10;19;4;3;3;1;1;8;3.70462;
519.png;3;27;16;5;3;0;11;1;17.0564;
522.png;10;16;3;13;3;1;8;0;14.7234;
521.png;4;23;13;3;3;2;10;11;4.74258;
520.png;8;1;19;16;3;1;7;13;14.1127;
523.png;7;22;16;9;3;1;9;11;3.44672;
524.png;8;17;19;5;2;1;7;10;287.732;
525.png;5;11;2;2;3;0;5;6;5.51707;
526.png;10;0;13;6;3;2;9;9;20.439;
527.png;12;22;8;19;3;2;6;11;11.6722;
528.png;7;29;12;5;3;5;9;8;28.6261;
529.png;4;5;4;3;3;2;1;8;7.97192;
530.png;10;8;13;7;3;5;10;5;34.2444;
533.png;1;27;13;10;3;0;3;8;16.2478;
532.png;4;6;16;6;3;1;3;6;4.40697;
531.png;12;29;11;18;3;0;0;10;12.5696;
534.png;5;6;13;9;3;0;3;0;3.07352;
535.png;9;2;16;12;3;0;6;10;2.94176;
536.png;4;10;8;15;3;3;3;11;23.3866;
537.png;11;0;5;8;3;1;11;0;34.4021;
540.png;13;7;6;9;3;1;4;5;42.878;
538.png;3;2;9;11;3;5;3;2;42.8598;
541.png;8;14;19;6;3;1;10;13;3.48474;
539.png;3;3;19;13;3;1;11;11;9.60304;
542.png;2;17;4;0;3;2;8;13;15.0123;
543.png;12;16;16;10;3;0;10;10;7.97044;
544.png;10;6;12;17;0;0;3;9;212.633;
545.png;4;18;11;11;3;1;8;5;7.07219;
546.png;9;1;2;15;1;4;10;5;129.56;
547.png;0;8;4;3;3;1;5;8;2.12421;
548.png;11;28;19;14;3;1;7;10;25.8898;
549.png;8;24;19;0;3;0;10;1;8.73446;
550.png;7;22;4;3;3;2;0;11;8.99003;
551.png;5;16;7;7;3;2;8;12;10.3343;
553.png;5;6;14;3;3;1;6;9;6.18894;
552.png;3;5;15;5;3;1;11;12;13.7533;
554.png;0;8;19;11;3;0;6;10;3.87921;
555.png;12;28;2;5;3;1;3;10;10.7886;
556.png;5;0;8;18;1;1;9;2;140.395;
559.png;7;21;18;15;3;1;3;13;11.843;
557.png;10;29;11;7;3;5;8;1;39.9587;
558.png;10;9;8;18;3;1;6;3;15.3444;
560.png;4;9;16;17;3;0;3;3;21.4591;
561.png;5;17;9;3;3;1;10;1;8.51443;
564.png;1;3;5;19;3;2;7;6;29.3825;
563.png;11;5;13;0;3;0;6;3;20.3667;
562.png;8;9;17;18;3;5;10;8;27.602;
565.png;0;6;8;0;3;0;11;12;8.8876;
566.png;8;25;5;3;3;4;6;9;19.8245;
567.png;11;23;11;9;3;5;8;8;30.6493;
568.png;3;5;5;18;1;2;3;2;133.767;
569.png;5;8;2;16;3;1;5;12;5.82795;
570.png;8;22;16;15;3;0;5;1;8.64451;
571.png;9;7;16;15;3;2;9;6;8.14768;
572.png;1;8;19;15;3;5;1;13;43.1351;
573.png;8;1;19;10;3;0;9;0;2.93675;
574.png;11;8;17;10;3;5;3;1;37.7945;
576.png;9;2;16;19;3;2;8;13;6.73087;
575.png;13;16;13;11;3;5;10;2;61.1061;
577.png;9;2;18;10;3;1;8;11;7.37345;
578.png;10;7;14;9;3;1;8;12;4.17163;
579.png;13;13;5;17;3;1;5;13;42.5466;
580.png;3;20;6;15;2;1;6;0;296.235;
581.png;7;28;5;7;3;1;11;10;14.6285;
582.png;4;16;12;18;3;1;9;0;2.81632;
583.png;8;1;11;13;3;1;10;12;1.93404;
584.png;1;21;2;9;3;2;7;11;33.9432;
585.png;0;17;4;19;0;4;8;9;215.437;
587.png;2;6;5;15;3;0;5;6;13.5572;
589.png;11;1;14;17;3;5;5;12;35.347;
586.png;4;21;15;0;3;1;6;9;10.6691;
588.png;10;6;7;3;3;1;8;6;3.49904;
590.png;10;19;15;14;3;1;6;3;28.0323;
591.png;9;0;8;15;3;1;8;2;23.9847;
592.png;1;11;11;10;3;0;8;5;19.3991;
593.png;10;15;11;0;3;4;8;5;14.6327;
594.png;10;28;5;4;3;0;5;8;6.71398;
595.png;4;5;16;15;3;0;6;2;14.8095;
596.png;5;17;8;13;3;0;3;10;2.4928;
597.png;3;18;5;12;3;1;6;13;4.65592;
598.png;8;1;5;5;3;4;3;13;11.3565;
599.png;3;7;9;12;3;1;3;2;17.8251;
600.png;12;3;8;4;3;1;11;13;20.3174;
601.png;12;5;8;5;3;1;6;7;29.1076;
602.png;9;21;7;7;3;1;11;12;17.3883;
604.png;12;11;13;8;3;0;3;9;24.2435;
605.png;9;24;18;3;3;1;9;0;8.44989;
603.png;0;28;7;5;3;1;5;11;2.48542;
607.png;7;0;2;18;3;1;8;1;22.543;
606.png;1;16;16;10;3;4;2;8;39.4528;
608.png;6;17;14;18;3;1;11;0;27.4458;
610.png;3;11;13;19;3;1;10;8;4.3714;
611.png;3;24;15;7;3;2;10;11;14.9404;
609.png;2;29;16;12;3;2;8;9;17.4037;
612.png;7;25;9;18;3;0;9;1;16.7387;
613.png;3;24;18;12;3;4;10;12;17.1716;
614.png;2;25;17;10;3;2;10;12;20.9456;
615.png;4;0;15;18;3;2;11;10;23.5354;
616.png;11;8;9;2;3;4;0;0;16.6483;
618.png;0;29;14;19;3;2;10;1;11.1764;
619.png;4;3;9;8;3;2;6;1;22.6248;
617.png;11;27;16;2;3;0;6;8;5.26969;
620.png;8;17;0;19;3;1;11;13;13.5576;
622.png;9;20;14;19;3;5;10;13;40.7684;
624.png;4;23;9;10;3;0;5;0;2.46571;
625.png;3;7;19;6;3;2;11;6;16.6988;
621.png;10;21;19;17;3;1;1;8;10.8909;
623.png;12;1;16;0;3;5;8;0;32.7451;
626.png;12;18;7;10;1;1;6;1;130.045;
627.png;7;24;17;3;3;0;9;6;6.79344;
628.png;0;9;13;0;3;0;2;1;24.8488;
629.png;5;19;19;16;3;5;11;12;34.3611;
630.png;0;0;19;19;3;2;6;6;16.1437;
631.png;8;8;16;2;3;1;9;11;2.31601;
632.png;12;1;7;13;3;1;10;1;14.8856;
633.png;3;19;2;17;3;4;11;0;25.7889;
634.png;8;11;16;13;3;1;3;0;1.46389;
636.png;11;9;4;16;3;1;8;3;20.9778;
635.png;7;17;16;18;3;0;8;12;2.51257;
637.png;4;26;17;3;3;0;3;8;14.7538;
638.png;0;6;9;16;3;4;6;12;11.7789;
639.png;12;8;19;14;3;4;8;11;27.3491;
640.png;10;1;18;4;3;0;10;0;11.5664;
642.png;4;5;9;4;3;0;10;12;8.48522;
643.png;8;16;16;9;3;2;6;8;3.24051;
641.png;5;28;5;10;3;0;3;12;2.03848;
644.png;3;6;7;12;3;0;6;10;5.288;
645.png;11;13;12;12;3;1;6;6;18.9079;
646.png;9;21;5;10;3;1;0;11;8.07624;
647.png;10;6;14;12;3;4;10;2;21.3387;
649.png;2;13;3;2;3;1;1;12;39.6225;
648.png;3;13;2;2;3;0;6;6;20.0419;
650.png;7;14;19;2;3;2;5;11;5.0288;
651.png;7;6;11;10;1;1;6;2;130.001;
652.png;0;18;16;17;3;4;6;8;14.2623;
654.png;4;22;14;16;3;1;8;11;3.74256;
653.png;12;22;16;2;3;1;9;12;8.60466;
655.png;3;13;4;9;1;2;3;8;134.47;
656.png;8;14;19;16;3;1;3;3;16.427;
657.png;8;15;13;8;3;1;3;13;16.8303;
659.png;5;18;5;15;3;4;10;7;28.4908;
661.png;7;2;19;9;3;1;9;6;4.92368;
660.png;5;28;5;18;3;5;3;10;26.3346;
658.png;12;18;19;5;3;1;1;5;11.7155;
662.png;8;3;19;10;3;5;0;4;51.0838;
663.png;5;7;16;13;3;1;9;10;5.28573;
666.png;10;29;14;5;3;2;9;5;7.07584;
667.png;10;10;19;18;3;1;3;8;2.69975;
664.png;8;29;14;13;3;1;10;9;4.54213;
665.png;2;3;19;15;3;1;10;0;11.2931;
668.png;10;8;7;10;3;1;6;6;1.88257;
669.png;10;9;5;5;3;1;9;11;3.36357;
670.png;9;12;12;0;3;1;0;8;13.3365;
673.png;2;24;5;4;3;4;3;7;44.1646;
672.png;0;23;15;12;3;0;3;0;4.51921;
671.png;10;3;4;2;3;1;8;12;1.22854;
674.png;5;28;9;16;3;0;10;2;14.7164;
675.png;2;3;15;6;1;0;0;6;134.929;
676.png;8;16;16;18;3;2;6;9;6.6126;
677.png;0;19;13;18;3;1;10;11;1.42307;
679.png;8;5;19;12;3;4;6;8;11.1624;
678.png;4;9;5;2;3;4;8;8;10.5906;
680.png;11;20;8;15;1;1;10;11;133.365;
681.png;2;18;16;4;3;0;1;6;18.861;
682.png;10;22;2;3;3;4;8;8;12.414;
684.png;5;11;14;9;3;4;8;8;9.93241;
685.png;10;6;13;0;3;2;3;13;5.43601;
683.png;8;22;11;11;3;4;6;5;14.8009;
686.png;9;11;10;2;3;4;6;6;21.0572;
687.png;4;15;13;18;1;0;6;13;120.837;
688.png;13;4;13;15;3;1;6;0;26.9476;
689.png;4;18;16;17;3;0;8;8;7.17242;
691.png;10;28;4;12;3;0;3;11;2.62705;
690.png;11;17;13;4;3;1;0;9;16.5602;
693.png;9;3;12;0;3;2;1;8;5.09861;
692.png;3;1;19;18;3;1;10;0;3.36947;
694.png;5;1;13;6;3;0;10;11;3.57861;
695.png;9;26;2;9;3;2;11;2;33.7641;
696.png;9;0;14;4;3;1;3;12;17.4727;
697.png;0;23;19;12;3;1;3;13;2.61953;
698.png;4;19;11;0;3;2;5;0;5.49335;
699.png;9;16;16;4;3;1;8;8;5.83068;
700.png;8;28;2;11;3;2;10;0;8.35027;
701.png;7;12;8;10;3;3;8;12;30.3622;
703.png;11;22;16;10;3;1;8;12;4.66625;
702.png;1;22;15;1;3;0;3;11;31.4665;
704.png;4;10;14;2;3;0;1;10;5.53231;
705.png;4;5;9;15;3;0;10;11;3.95956;
706.png;8;27;12;15;3;1;6;12;1.11641;
708.png;12;14;16;19;3;1;5;8;8.90021;
707.png;1;17;16;13;1;0;10;8;131.157;
709.png;10;4;12;18;0;1;7;0;216.351;
710.png;11;10;9;2;3;0;10;0;7.13777;
712.png;4;0;13;10;3;4;10;9;24.5023;
711.png;11;8;16;16;3;4;10;9;18.309;
713.png;10;2;16;19;3;1;9;0;4.20367;
714.png;11;3;9;17;3;2;9;2;24.3686;
715.png;12;1;2;2;3;1;8;8;10.2954;
716.png;7;17;13;5;3;2;10;1;11.4239;
718.png;10;0;4;3;3;4;10;0;21.509;
717.png;9;11;8;18;0;0;6;1;210.389;
719.png;4;7;12;10;3;0;3;11;5.82861;
721.png;2;5;17;13;3;1;10;5;16.2048;
720.png;0;16;7;17;3;2;3;3;22.3654;
722.png;9;10;4;9;3;1;8;8;3.12835;
723.png;1;2;5;15;3;2;7;9;32.2603;
725.png;12;2;9;18;1;0;10;6;125.007;
724.png;7;3;17;11;3;0;10;8;6.16636;
726.png;0;21;14;5;3;0;10;0;5.41356;
727.png;4;19;6;12;3;2;10;5;10.3382;
728.png;0;27;19;9;3;2;9;5;6.60824;
729.png;5;28;7;10;3;2;8;0;4.20108;
730.png;11;7;9;10;3;4;3;11;16.6122;
731.png;10;0;9;17;3;1;7;10;27.1242;
733.png;10;16;12;17;3;4;1;5;18.304;
732.png;8;27;15;2;0;1;8;0;204.884;
734.png;10;27;4;16;3;1;8;11;3.31789;
737.png;0;14;14;15;3;1;3;0;1.442;
735.png;5;28;4;2;3;1;1;10;3.17915;
736.png;8;9;13;5;3;1;7;0;12.1311;
738.png;3;16;13;13;0;1;10;5;206.633;
739.png;5;10;4;19;3;0;3;0;5.19714;
740.png;0;8;4;15;3;1;10;8;1.02859;
741.png;10;4;18;7;3;1;10;0;16.2468;
743.png;12;4;5;13;3;0;5;6;13.0753;
742.png;0;24;3;5;3;0;10;9;19.5464;
744.png;9;4;19;0;3;1;0;5;10.6357;
745.png;13;8;13;3;3;4;9;12;32.9253;
746.png;11;22;9;0;3;0;9;8;6.33843;
747.png;7;22;4;7;0;5;6;10;234.815;
749.png;9;16;2;18;3;2;8;0;5.95939;
750.png;8;24;6;17;3;1;11;6;17.2013;
748.png;1;18;7;19;3;1;10;11;17.2278;
751.png;10;6;7;19;3;1;6;13;4.36523;
752.png;0;28;19;6;3;2;10;8;4.5105;
753.png;7;11;5;5;3;1;11;8;8.69866;
754.png;3;6;4;15;3;1;6;5;6.40117;
756.png;7;28;6;8;3;1;8;2;29.1675;
755.png;8;2;16;10;3;4;10;2;21.305;
757.png;11;1;4;15;3;4;6;13;14.7825;
758.png;8;7;5;13;3;0;8;8;4.59784;
760.png;10;24;9;13;3;4;10;1;16.3459;
759.png;8;5;14;16;0;0;10;8;206.407;
761.png;12;22;4;15;3;1;9;0;9.04687;
762.png;0;2;5;14;3;1;5;10;13.4942;
763.png;10;28;0;15;0;0;3;13;208.587;
764.png;7;24;16;10;3;1;8;7;21.481;
765.png;10;13;12;18;3;2;3;9;20.1478;
766.png;3;5;8;5;3;1;3;6;6.64464;
767.png;4;27;9;18;3;0;10;7;20.9086;
768.png;9;19;4;0;3;0;3;11;2.75386;
769.png;0;14;15;18;3;1;6;5;5.43248;
770.png;9;6;12;3;3;1;8;5;4.94886;
771.png;0;18;17;10;3;4;1;12;12.0075;
772.png;0;16;11;15;3;4;6;5;12.3381;
773.png;9;11;12;13;3;4;8;6;10.4465;
774.png;10;11;13;13;3;0;8;1;8.52;
775.png;10;27;5;5;3;2;6;8;3.47674;
776.png;13;24;19;12;3;0;4;9;38.5238;
777.png;8;19;2;18;3;1;8;10;3.80349;
778.png;7;8;9;11;3;1;0;10;7.8147;
779.png;8;8;13;18;3;1;8;12;0.938257;
780.png;5;7;18;9;3;2;11;6;18.4405;
781.png;3;13;16;10;3;0;11;1;29.716;
782.png;3;8;14;8;3;5;3;1;47.235;
783.png;0;5;15;5;3;2;6;8;7.5735;
784.png;0;28;5;15;3;4;6;7;28.3512;
786.png;10;11;5;19;3;1;10;6;2.69384;
785.png;0;10;5;11;3;4;10;1;20.0751;
787.png;8;18;19;16;3;1;6;12;2.76499;
788.png;0;8;11;15;3;4;6;8;10.0822;
789.png;5;9;16;19;3;0;6;5;5.7055;
790.png;8;23;17;19;3;4;8;1;18.4273;
791.png;12;11;11;0;3;1;6;12;8.59638;
792.png;5;25;16;6;3;1;11;13;16.2034;
793.png;7;15;13;2;3;1;10;1;11.0528;
794.png;2;27;1;18;3;0;3;13;19.229;
795.png;8;21;9;3;3;1;10;8;4.87136;
796.png;9;22;14;17;3;0;6;12;6.79028;
798.png;8;11;17;10;3;1;8;9;5.89768;
797.png;0;8;2;13;3;0;1;12;5.514;
799.png;7;28;4;6;3;4;6;0;12.1599;
800.png;10;14;14;9;3;1;1;5;4.91294;
801.png;9;5;7;18;3;1;3;12;3.35986;
804.png;9;10;11;13;3;2;3;4;28.0497;
802.png;9;29;12;18;2;1;9;11;279.203;
805.png;8;17;13;3;3;1;8;5;3.93558;
803.png;7;21;15;10;3;0;7;12;18.1614;
807.png;1;5;18;13;3;5;6;13;48.152;
806.png;3;22;19;2;3;2;5;2;16.9489;
810.png;10;17;13;9;3;2;10;8;3.19161;
811.png;11;2;13;10;3;0;6;0;6.53779;
808.png;11;22;17;10;3;0;8;12;6.5528;
809.png;0;28;17;16;3;1;11;2;21.3389;
812.png;3;25;5;19;3;1;8;6;11.2814;
815.png;10;18;13;3;3;5;8;6;27.1916;
814.png;10;18;19;10;3;5;10;5;27.8132;
816.png;8;28;12;3;3;2;9;13;6.59292;
813.png;10;2;11;18;3;2;9;9;9.71505;
817.png;11;5;13;13;3;2;6;10;8.74582;
818.png;2;21;14;11;3;1;1;12;18.6452;
820.png;11;4;14;18;3;0;5;6;10.3472;
821.png;7;11;17;5;3;1;7;9;17.2128;
819.png;4;11;7;12;3;5;6;3;40.6007;
823.png;2;5;4;12;3;1;5;0;13.8814;
822.png;0;21;15;0;3;1;8;13;7.90314;
824.png;5;6;4;18;3;0;5;12;3.04848;
825.png;0;16;9;19;3;0;6;0;2.61755;
827.png;5;3;5;10;3;1;6;0;1.25049;
826.png;8;7;12;3;3;0;2;6;21.9872;
828.png;9;7;17;12;3;1;3;13;7.0815;
829.png;3;7;7;13;3;2;8;10;9.09164;
830.png;10;7;7;19;3;0;5;11;6.71915;
832.png;4;4;14;18;3;2;7;13;18.9082;
831.png;3;5;7;9;3;1;6;12;5.41399;
834.png;10;6;4;2;3;2;10;9;7.66536;
833.png;9;1;18;3;3;4;6;0;15.3713;
835.png;5;29;4;0;3;1;10;6;2.09302;
836.png;4;9;14;17;3;1;9;6;9.1472;
837.png;2;14;14;14;3;1;3;8;22.6921;
839.png;13;23;9;13;3;1;10;0;22.764;
841.png;4;28;5;5;3;0;7;5;14.6384;
840.png;2;28;18;3;3;0;3;12;17.7941;
838.png;10;27;17;0;3;1;6;2;13.1415;
842.png;8;21;4;11;3;2;6;10;9.32037;
843.png;0;28;19;18;3;1;3;6;1.79895;
847.png;4;18;9;19;3;1;9;8;3.55788;
845.png;3;29;13;2;3;2;10;10;5.64782;
844.png;9;26;16;18;3;1;9;13;13.7997;
846.png;9;2;9;15;3;4;7;1;27.1121;
848.png;3;24;7;10;3;1;0;0;7.68871;
849.png;12;25;4;16;3;1;10;3;29.2621;
850.png;5;10;2;15;3;1;11;0;11.7092;
853.png;8;26;9;10;3;5;8;13;37.561;
851.png;3;6;13;9;3;0;0;11;8.42674;
852.png;12;29;7;3;3;2;6;6;11.7703;
854.png;8;10;13;10;1;1;3;12;118.197;
856.png;9;11;19;0;3;0;10;1;8.52159;
858.png;8;25;12;2;3;0;6;8;8.07883;
855.png;10;18;17;8;3;1;8;8;14.2158;
857.png;0;28;9;15;3;0;10;5;3.71669;
859.png;11;20;4;10;3;2;6;7;38.8227;
860.png;4;18;19;2;3;4;8;6;10.5532;
863.png;8;4;2;12;1;1;6;6;123.644;
864.png;10;26;1;11;3;0;9;0;21.7025;
862.png;8;11;11;5;3;2;10;13;5.92737;
865.png;7;21;4;9;3;0;5;6;7.34023;
861.png;4;19;7;8;3;0;7;1;31.6507;
866.png;9;14;13;11;3;1;9;10;4.67353;
868.png;10;13;16;13;3;0;6;0;14.5927;
867.png;3;8;12;10;3;0;8;0;4.10007;
869.png;10;3;8;0;3;1;10;13;2.53511;
870.png;2;20;5;3;3;0;10;10;25.008;
871.png;2;6;19;13;3;1;10;10;11.8432;
872.png;0;26;13;19;3;1;9;9;17.1456;
874.png;0;11;18;18;3;2;10;12;8.22908;
875.png;5;4;16;10;3;1;10;12;4.96741;
873.png;5;9;19;0;3;1;1;5;5.66287;
876.png;5;19;18;10;1;1;6;11;121.998;
877.png;0;24;15;4;3;0;11;9;18.8926;
878.png;2;21;12;9;3;0;0;12;18.9048;
879.png;12;5;9;15;3;0;8;2;20.9655;
881.png;10;24;19;9;3;1;11;0;7.76449;
880.png;2;29;1;13;3;0;5;8;18.2011;
883.png;10;0;4;9;3;0;9;11;14.5065;
882.png;0;17;11;9;3;4;10;3;23.5025;
884.png;8;2;9;13;3;1;9;10;3.08262;
887.png;8;23;14;11;0;4;0;1;223.359;
888.png;12;18;14;12;3;1;10;8;7.77619;
889.png;8;27;5;2;3;1;6;5;3.1608;
885.png;0;27;9;8;3;2;3;12;15.4881;
886.png;4;28;8;19;3;0;7;12;13.6023;
890.png;2;8;16;4;3;1;8;12;16.0159;
891.png;2;13;19;15;3;1;10;0;24.3531;
894.png;9;23;5;19;3;1;6;6;2.70461;
892.png;0;25;7;16;3;1;10;7;28.5309;
893.png;9;12;12;8;3;1;9;12;23.145;
895.png;4;19;7;1;3;0;10;8;15.2791;
896.png;4;17;19;18;3;4;10;8;9.59226;
897.png;10;27;6;10;3;1;4;7;34.5292;
898.png;5;5;14;2;3;1;8;5;5.24214;
900.png;5;8;19;18;3;1;3;6;1.95065;
899.png;0;27;9;11;3;1;2;4;40.943;
901.png;9;10;13;11;3;0;9;8;6.87494;
902.png;8;8;19;16;3;4;6;0;11.2347;
903.png;10;9;18;7;3;2;9;12;16.3196;
904.png;5;24;2;12;3;0;10;6;5.6165;
905.png;10;13;1;3;3;1;10;0;20.7435;
906.png;4;11;7;9;3;2;9;1;12.4665;
907.png;7;2;5;19;3;2;1;0;8.1815;
908.png;0;8;2;15;3;2;5;6;6.69505;
909.png;10;17;9;10;3;2;1;11;4.94771;
910.png;8;10;12;18;3;1;9;0;4.0406;
911.png;5;15;17;15;3;1;10;5;6.81999;
912.png;3;1;9;10;3;3;6;0;22.5471;
913.png;7;12;17;9;3;1;3;6;12.9695;
914.png;8;6;2;18;3;0;0;12;8.17208;
915.png;0;0;5;5;3;0;6;5;15.3335;
916.png;10;3;5;12;3;2;6;12;3.421;
919.png;10;24;14;18;3;0;0;9;8.9369;
917.png;4;11;10;2;3;1;7;11;22.6967;
918.png;10;3;7;2;3;2;4;8;14.5695;
920.png;1;6;10;18;1;1;3;12;142.497;
921.png;9;28;12;0;3;0;8;13;3.19927;
922.png;13;17;14;3;3;3;9;12;43.7601;
923.png;8;3;9;13;3;0;1;8;3.05559;
924.png;11;20;19;13;3;1;10;11;17.4667;
925.png;1;22;7;6;3;1;9;10;18.3932;
926.png;5;27;6;0;3;2;11;7;32.4589;
927.png;4;1;19;15;3;4;10;6;10.5941;
928.png;11;19;17;17;3;2;2;5;31.7681;
929.png;5;16;3;0;3;0;6;1;22.2162;
930.png;10;0;16;13;3;4;11;8;26.5128;
931.png;3;18;19;0;3;5;5;10;28.3972;
932.png;7;11;19;13;3;1;3;12;2.3826;
933.png;7;19;19;6;3;0;10;3;17.5256;
935.png;4;14;6;8;3;0;10;5;20.1822;
936.png;9;5;1;18;3;0;10;0;9.35147;
934.png;2;0;9;15;3;0;3;1;30.0828;
937.png;11;11;13;13;3;2;3;13;8.74857;
938.png;0;13;13;9;3;4;5;6;23.4698;
939.png;8;7;12;15;0;2;6;6;208.519;
940.png;0;1;12;10;3;1;6;8;1.16992;
941.png;3;4;12;5;3;5;10;13;33.7802;
942.png;12;27;9;11;3;0;11;5;18.8828;
943.png;4;24;7;17;3;2;3;12;10.1154;
944.png;5;28;14;16;0;2;6;10;206.863;
945.png;2;24;16;10;3;4;10;6;20.5163;
946.png;9;8;11;2;3;4;5;10;10.6758;
947.png;5;4;17;0;3;4;10;12;14.63;
948.png;9;28;19;0;3;1;9;10;2.22054;
949.png;10;18;13;0;3;0;9;10;2.63501;
950.png;8;28;16;4;3;1;8;13;7.14415;
951.png;5;22;16;0;3;1;1;0;2.82242;
952.png;1;5;16;18;3;1;3;11;17.5713;
954.png;5;14;19;13;3;5;10;5;28.1736;
953.png;12;6;16;10;3;0;11;11;15.2511;
955.png;6;1;12;2;3;0;0;6;26.2794;
956.png;4;18;8;15;3;1;6;5;4.19273;
957.png;3;21;7;5;3;1;7;9;20.808;
958.png;0;11;0;18;3;2;3;8;7.73649;
960.png;0;21;0;6;3;5;5;5;37.215;
959.png;3;16;7;10;3;2;0;0;9.4762;
961.png;3;1;6;12;3;1;3;3;21.0495;
962.png;13;5;6;3;3;1;0;6;33.0633;
963.png;9;25;5;5;3;1;10;0;7.82546;
964.png;10;3;11;13;3;0;6;12;2.3302;
965.png;4;3;12;12;3;1;5;0;2.43483;
967.png;0;18;14;13;1;5;10;4;162.931;
966.png;10;1;8;8;3;4;9;0;23.2643;
968.png;10;11;13;3;3;1;8;8;1.82664;
969.png;10;19;9;9;1;2;3;10;119.175;
970.png;4;22;6;15;3;0;1;4;29.3634;
971.png;9;27;13;10;3;1;10;0;1.07715;
972.png;0;16;11;19;3;1;6;4;24.6831;
973.png;8;28;13;18;3;1;9;1;8.90603;
974.png;10;6;2;16;3;0;6;10;6.59112;
975.png;4;16;16;10;3;1;8;2;12.4952;
976.png;7;27;15;12;3;4;1;6;15.2017;
977.png;0;11;4;10;3;0;3;2;13.2605;
979.png;3;15;19;19;3;5;1;6;33.595;
978.png;11;5;16;15;3;2;11;6;15.5223;
980.png;3;2;11;11;3;5;5;11;33.0981;
981.png;5;27;15;3;3;0;10;6;5.40171;
982.png;12;28;7;2;3;2;10;11;10.6865;
983.png;11;13;17;12;3;1;11;2;36.5823;
985.png;4;18;19;9;3;1;9;13;3.90843;
984.png;5;28;5;6;3;1;6;12;2.55398;
986.png;9;11;8;11;3;0;6;0;4.89347;
987.png;10;29;2;0;3;1;10;10;3.4147;
988.png;13;29;15;15;3;1;10;5;27.4122;
991.png;12;5;9;19;3;2;10;13;13.7137;
990.png;8;3;13;16;3;2;6;13;6.40274;
989.png;8;5;8;14;3;0;3;13;16.3875;
992.png;6;27;9;12;3;1;10;6;21.9332;
993.png;12;28;9;15;3;1;11;0;13.9161;
994.png;0;8;12;0;3;4;8;5;11.6574;
997.png;3;14;9;6;3;0;3;8;5.34647;
995.png;13;25;15;3;3;5;6;9;60.5443;
996.png;7;7;10;15;3;2;8;0;18.4125;
998.png;11;3;9;15;3;1;3;13;6.23133;
999.png;7;16;19;2;3;1;5;13;3.57453;
1000.png;5;6;6;10;1;1;1;12;122.58;
1002.png;4;9;12;18;3;0;11;0;9.23549;
1003.png;7;29;2;15;3;1;6;11;4.90957;
1001.png;7;14;8;0;3;1;10;6;3.11002;
1004.png;0;16;16;17;3;2;10;11;8.478;
1005.png;10;9;17;2;3;2;8;7;24.2619;
1006.png;11;18;15;18;3;0;10;6;8.23213;
1007.png;7;9;12;12;3;1;10;13;4.34448;
1009.png;9;3;4;10;3;1;9;12;2.34863;
1008.png;4;6;11;3;3;1;5;13;5.40734;
1010.png;9;23;11;0;1;1;5;10;117.606;
1011.png;6;28;13;13;3;0;8;3;35.2433;
1012.png;7;13;7;18;3;0;8;11;16.4562;
1013.png;11;27;16;15;3;0;8;6;6.01688;
1014.png;10;0;13;12;3;0;8;6;13.7464;
1015.png;12;23;9;18;3;0;8;9;11.6009;
1016.png;11;17;16;5;3;1;7;13;16.1728;
1017.png;11;14;12;9;2;2;3;8;284.15;
1018.png;3;27;15;14;3;1;6;2;27.769;
1019.png;1;14;14;13;3;2;10;8;17.7549;
1020.png;5;24;19;18;3;0;6;12;2.158;
1021.png;0;28;7;15;3;1;3;0;1.87948;
1022.png;9;29;7;18;0;1;9;7;223.028;
1023.png;9;27;8;5;3;0;9;13;4.85551;
1024.png;6;0;11;14;3;2;8;12;46.8434;
1025.png;0;29;7;18;3;1;5;12;1.74962;
1026.png;0;4;16;13;3;1;6;1;11.5584;
1027.png;9;9;10;13;3;1;3;5;14.9825;
1028.png;8;5;9;15;3;1;7;11;12.7941;
1029.png;2;1;11;13;3;0;9;13;15.2118;
1030.png;0;29;9;8;3;1;10;1;19.7758;
1031.png;7;3;19;5;3;3;10;8;21.4119;
1032.png;2;6;9;3;3;0;6;5;15.4057;
1033.png;0;16;7;15;3;1;6;2;12.4458;
1034.png;11;11;14;18;3;1;5;12;5.29443;
1035.png;9;20;13;6;3;1;9;6;16.7243;
1036.png;4;23;7;2;3;2;9;10;5.43201;
1038.png;4;16;5;3;3;1;6;5;4.3208;
1037.png;3;21;7;4;3;1;5;6;12.8795;
1039.png;10;15;14;2;3;1;10;10;3.20312;
1040.png;4;1;19;17;3;1;0;6;10.8547;
1041.png;5;7;13;12;3;1;4;11;15.7245;
1042.png;12;13;19;2;1;0;3;9;140.324;
1043.png;0;22;9;6;3;1;3;13;3.66056;
1044.png;0;8;14;15;3;0;10;4;23.3741;
1045.png;10;19;10;2;3;1;6;10;12.0452;
1046.png;0;17;7;10;3;0;11;12;8.04708;
1047.png;2;27;9;10;3;4;0;3;36.2099;
1048.png;11;13;12;15;3;1;8;5;20.3108;
1049.png;9;4;13;3;3;0;10;13;7.53301;
1050.png;7;17;12;16;3;5;1;10;30.5206;
1051.png;5;24;8;13;3;1;6;0;2.25767;
1052.png;10;17;2;13;3;4;10;6;12.2238;
1053.png;3;27;2;9;3;1;10;12;5.69295;
1054.png;5;23;8;12;3;2;9;6;6.00108;
1055.png;9;1;9;13;3;2;7;8;13.3145;
1056.png;0;27;4;7;1;0;5;5;125.974;
1057.png;8;27;17;19;3;1;8;6;3.93154;
1058.png;1;29;9;3;3;0;3;8;17.0507;
1059.png;3;8;16;19;3;2;1;12;8.05748;
1060.png;11;23;4;9;3;5;8;8;29.9958;
1061.png;10;12;9;15;2;5;9;11;312.379;
1062.png;4;6;6;9;2;0;9;9;287.901;
1063.png;8;27;8;2;3;1;10;11;1.70691;
1064.png;1;10;16;2;3;3;5;11;36.9436;
1065.png;4;14;8;6;3;4;9;8;12.774;
1066.png;0;21;2;9;3;5;8;10;31.8389;
1067.png;12;27;19;18;3;0;10;10;8.00323;
1068.png;0;16;16;2;3;5;9;12;26.8257;
1069.png;11;7;19;13;3;1;10;11;7.97898;
1070.png;8;3;9;7;1;2;10;8;124.809;
1072.png;4;9;5;2;3;2;9;1;12.4307;
1071.png;6;21;11;4;1;2;10;13;149.081;
1073.png;2;0;2;0;3;2;3;0;27.6517;
1074.png;9;8;6;11;3;4;3;10;15.8677;
1075.png;9;3;12;13;3;0;3;9;5.57541;
1076.png;9;28;17;17;3;1;3;8;7.6828;
1077.png;0;27;16;12;3;0;11;4;29.7363;
1078.png;10;14;13;2;3;5;8;8;25.885;
1079.png;8;10;14;0;3;1;8;6;3.43015;
1080.png;8;6;12;18;3;1;8;10;1.91563;
1081.png;8;28;16;9;3;0;10;5;3.85541;
1082.png;3;3;9;0;3;0;5;3;17.4336;
1084.png;9;18;3;13;3;4;8;12;23.1191;
1083.png;9;20;4;0;3;1;6;12;13.7929;
1085.png;9;12;11;3;3;1;6;12;11.3393;
1086.png;8;19;7;0;3;1;6;0;1.86425;
1087.png;9;3;19;6;3;1;1;10;3.99955;
1088.png;4;12;4;18;3;1;8;13;11.6804;
1089.png;12;9;14;18;3;0;10;12;8.80098;
1090.png;0;14;13;11;3;0;9;2;16.2171;
1092.png;11;2;8;9;0;1;0;6;211.863;
1091.png;11;11;13;0;3;0;10;13;6.7398;
1093.png;3;14;12;2;3;0;6;0;4.19791;
1094.png;7;11;19;13;3;0;11;4;30.7877;
1095.png;8;11;17;6;3;1;6;0;3.85063;
1096.png;0;6;13;18;3;2;3;6;4.83315;
1098.png;7;10;5;9;3;5;8;12;28.7296;
1097.png;4;16;19;3;3;0;8;8;2.74614;
1099.png;4;0;12;15;3;0;10;5;15.6963;
1100.png;0;0;7;13;3;1;0;13;17.2731;
1101.png;8;0;19;0;3;2;8;10;14.5814;
1102.png;10;17;14;0;3;0;3;11;2.05304;
1103.png;5;26;6;2;3;5;9;11;41.8441;
1104.png;10;23;11;11;3;1;6;5;6.37855;
1105.png;9;1;19;5;3;4;4;11;21.1292;
1107.png;10;14;14;12;3;2;3;8;3.78242;
1106.png;9;6;7;3;3;0;3;0;3.96596;
1108.png;8;14;14;10;3;4;1;12;10.9562;
1110.png;11;18;2;5;3;0;3;8;8.45143;
1111.png;3;9;6;4;1;5;8;9;156.338;
1109.png;0;28;7;15;3;1;11;11;7.94202;
1112.png;3;22;17;6;3;2;3;13;9.53355;
1113.png;13;11;16;18;3;4;3;6;32.1128;
1114.png;9;22;19;16;3;1;1;12;4.4359;
1116.png;10;6;13;5;3;0;5;12;2.97643;
1115.png;7;17;17;1;3;4;10;0;24.1348;
1117.png;0;1;12;13;3;1;6;11;1.52154;
1119.png;10;2;2;18;3;2;9;3;21.1353;
1118.png;4;2;7;17;3;5;6;3;46.3298;
1121.png;0;4;7;2;3;2;8;10;7.80401;
1120.png;12;28;8;15;3;1;0;13;12.8286;
1122.png;5;19;5;15;1;1;10;3;130.09;
1123.png;11;7;2;18;3;4;5;13;20.1774;
1125.png;5;22;19;5;3;1;6;2;12.5951;
1124.png;7;16;8;5;3;2;10;0;5.2481;
1126.png;0;27;4;13;3;0;3;7;20.9802;
1127.png;5;17;14;5;3;0;6;8;2.15237;
1129.png;10;27;16;9;3;4;6;9;12.7498;
1128.png;5;28;12;1;3;0;7;8;24.415;
1131.png;10;5;9;9;3;5;3;10;27.7656;
1130.png;0;6;2;12;2;0;11;11;288.004;
1133.png;10;4;5;6;3;4;7;11;24.7127;
1132.png;0;24;3;17;3;0;5;13;22.4269;
1134.png;8;8;16;5;3;2;8;0;3.77488;
1135.png;10;28;14;15;3;1;8;5;3.32918;
1136.png;8;29;3;10;3;1;1;3;29.6637;
1137.png;11;19;15;10;3;5;9;9;36.8683;
1138.png;5;24;19;17;3;0;0;13;12.0533;
1140.png;8;24;19;10;3;5;2;8;42.0257;
1139.png;8;3;19;15;3;1;6;6;1.60392;
1141.png;0;28;12;6;3;5;8;12;27.4355;
1142.png;11;8;19;15;3;0;7;0;15.3562;
1143.png;5;22;2;19;3;1;8;10;4.79593;
1144.png;5;22;9;13;3;2;6;11;3.66087;
1145.png;0;5;19;18;3;1;10;8;2.37746;
1147.png;4;8;5;18;3;1;1;8;2.91329;
1146.png;0;3;15;2;3;0;0;0;7.51587;
1148.png;8;6;4;9;3;1;9;11;3.47032;
1149.png;10;24;17;13;3;4;5;1;18.033;
1150.png;5;16;12;15;3;0;3;11;2.5075;
1152.png;2;23;16;18;3;2;10;8;13.2796;
1153.png;3;3;19;6;3;0;0;1;15.3578;
1151.png;10;8;7;6;3;4;10;12;10.9137;
1154.png;0;11;16;19;3;1;10;2;13.1408;
1155.png;9;22;9;16;3;1;6;12;2.79902;
1157.png;0;16;12;18;3;1;6;1;7.75664;
1159.png;8;0;19;10;3;1;8;10;12.2297;
1156.png;5;23;15;6;3;1;10;0;4.93956;
1158.png;4;25;16;18;3;4;3;6;16.9459;
1160.png;4;23;18;4;3;2;3;8;13.8082;
1161.png;5;28;17;5;3;4;3;9;14.9788;
1162.png;8;5;13;18;3;0;8;8;3.23012;
1163.png;7;0;16;0;3;2;3;13;16.9992;
1165.png;9;19;7;11;3;1;6;6;4.88575;
1164.png;0;28;8;5;3;1;1;0;3.61214;
1166.png;5;8;17;18;3;1;8;0;2.50545;
1167.png;0;8;19;14;3;0;6;2;23.6944;
1169.png;9;3;4;19;3;0;11;10;9.16928;
1168.png;0;23;16;13;3;0;1;9;6.51409;
1170.png;11;17;11;15;3;1;0;10;9.11518;
1171.png;10;13;4;12;3;0;1;8;16.627;
1172.png;0;28;14;12;3;1;10;8;1.21743;
1173.png;2;28;11;0;3;2;3;11;15.0354;
1174.png;7;27;17;0;3;5;10;8;27.957;
1175.png;4;6;5;11;3;4;6;1;19.7378;
1177.png;13;8;4;8;3;0;3;6;36.6016;
1176.png;8;1;11;5;3;0;3;10;3.32832;
1178.png;10;29;11;0;3;1;5;4;24.081;
1179.png;9;29;3;11;3;1;6;9;20.7748;
1181.png;4;7;11;12;3;5;3;10;30.8602;
1182.png;12;11;4;14;3;0;6;10;19.7725;
1180.png;4;7;16;3;3;0;1;12;7.37914;
1183.png;3;17;6;18;3;1;10;6;7.48507;
1184.png;0;11;7;9;3;1;1;0;3.42771;
1185.png;4;2;5;12;3;5;0;10;31.1383;
1186.png;8;27;7;13;3;1;3;10;1.65229;
1187.png;0;22;14;0;3;1;3;1;7.97264;
1188.png;6;6;16;19;0;1;6;9;227.738;
1189.png;0;6;5;0;3;0;8;11;2.57839;
1190.png;0;9;14;12;3;2;6;9;7.76827;
1191.png;9;8;4;19;3;2;6;10;4.64049;
1195.png;5;23;12;0;3;0;10;12;1.86022;
1194.png;12;28;19;0;3;4;11;6;22.7486;
1192.png;9;19;8;16;3;2;2;9;25.3674;
1193.png;10;21;4;3;3;1;9;7;25.3245;
1196.png;0;11;16;5;3;1;10;8;1.32202;
1197.png;9;14;16;15;3;4;10;6;9.98154;
1199.png;10;23;12;18;3;0;1;1;9.97396;
1198.png;1;8;10;13;3;1;8;13;27.4838;
1200.png;5;10;16;0;3;2;6;12;5.0936;
1201.png;9;29;11;13;3;1;9;13;4.35645;
1202.png;4;19;3;4;3;2;10;5;24.8355;
1203.png;5;4;7;13;3;4;11;7;39.1301;
1204.png;11;27;9;5;3;1;10;0;5.14423;
1205.png;9;24;12;17;3;0;9;13;9.79538;
1206.png;8;16;11;12;3;1;6;13;3.3086;
1207.png;3;16;14;16;3;1;9;0;6.34413;
1208.png;3;17;11;9;3;1;6;12;4.13971;
1209.png;0;24;19;18;3;4;11;2;26.9238;
1210.png;7;6;5;19;3;0;6;12;4.37347;
1211.png;10;4;11;9;3;4;8;11;14.5746;
1212.png;12;17;16;2;3;0;0;12;11.5388;
1213.png;0;27;12;9;3;0;0;0;5.37858;
1214.png;2;8;14;10;3;0;10;12;11.7125;
1215.png;11;6;17;5;3;0;5;3;21.3965;
1216.png;10;0;18;10;3;1;10;6;17.6152;
1217.png;10;24;14;11;3;4;6;11;12.487;
1219.png;11;9;14;10;3;1;3;11;6.0401;
1218.png;11;17;6;15;3;1;0;8;11.9574;
1220.png;9;11;12;18;3;1;2;6;17.8287;
1221.png;4;27;12;10;3;1;8;1;8.43248;
1222.png;11;27;4;18;3;0;8;1;12.3694;
1223.png;7;0;12;5;3;2;10;8;16.0443;
1225.png;0;27;8;18;3;1;10;10;1.27582;
1224.png;8;22;8;11;3;4;5;8;12.5079;
1226.png;2;23;17;0;3;1;8;5;14.671;
1227.png;1;29;7;19;3;1;6;0;17.2333;
1228.png;10;8;11;19;3;5;3;9;31.4321;
1229.png;0;27;15;10;3;0;9;10;4.93072;
1230.png;9;6;16;2;3;1;6;6;2.40559;
1231.png;5;19;12;8;3;4;3;5;24.5997;
1232.png;9;14;5;15;3;0;6;10;1.71005;
1234.png;10;23;9;8;3;2;1;11;17.1214;
1235.png;12;23;9;12;3;0;6;11;8.63777;
1233.png;10;28;10;1;3;0;6;8;24.8112;
1236.png;0;16;14;18;3;5;11;1;38.7017;
1237.png;12;9;11;9;3;0;3;8;10.0998;
1238.png;8;1;16;17;3;0;6;11;7.10536;
1241.png;5;8;16;18;3;1;10;5;3.16521;
1239.png;4;27;18;17;3;5;8;11;36.763;
1242.png;7;16;19;3;3;5;4;8;38.3742;
1240.png;9;25;12;19;0;1;3;13;211.455;
1243.png;0;27;12;2;3;4;4;0;20.498;
1244.png;1;24;14;11;3;5;5;11;43.9727;
1245.png;8;6;5;10;3;4;9;8;11.0514;
1248.png;9;24;12;13;3;1;9;9;6.3005;
1247.png;4;6;19;0;3;1;9;0;3.43103;
1246.png;12;4;7;7;3;1;6;12;18.3235;
1249.png;4;10;7;9;3;4;8;0;12.3188;
1250.png;8;11;2;19;3;1;10;12;4.62997;
1252.png;5;16;4;19;3;1;3;5;4.91621;
1251.png;5;14;7;6;3;5;6;12;27.8726;
1253.png;8;24;9;6;3;2;10;2;16.0967;
1254.png;12;15;6;5;3;1;6;12;13.9636;
1255.png;7;2;14;17;3;1;8;6;8.98427;
1256.png;9;8;9;18;3;0;10;9;4.94141;
1257.png;8;29;12;11;3;0;0;5;9.93563;
1258.png;6;15;14;18;3;1;10;8;23.3112;
1259.png;3;19;8;18;3;0;3;13;6.04379;
1261.png;12;2;4;19;3;1;6;12;9.8932;
1260.png;9;8;9;4;3;4;8;5;16.4388;
1262.png;13;2;7;18;3;2;6;13;27.7938;
1264.png;10;14;14;19;3;0;6;8;2.6003;
1263.png;10;24;19;13;3;0;6;13;3.12903;
1265.png;11;11;16;9;3;1;11;0;11.3189;
1266.png;5;28;5;6;3;5;10;6;28.0381;
1267.png;10;25;6;16;3;1;7;0;22.9221;
1268.png;5;17;19;13;3;1;6;12;1.04861;
1270.png;4;5;5;18;3;0;3;3;17.2652;
1269.png;0;19;16;10;3;0;3;3;15.3179;
1272.png;3;4;7;14;3;4;8;12;27.1981;
1271.png;2;3;12;18;3;1;0;13;16.0185;
1273.png;1;14;4;6;3;2;7;12;29.2938;
1276.png;3;14;6;3;3;1;8;2;18.9112;
1274.png;7;27;7;3;3;1;6;1;9.92711;
1275.png;5;23;8;12;3;2;6;8;4.18565;
1278.png;5;16;13;2;3;0;11;13;9.2268;
1277.png;0;3;16;17;3;2;6;7;27.3104;
1279.png;1;1;9;9;3;2;10;9;21.4827;
1280.png;3;6;14;17;1;0;10;6;125.632;
1282.png;11;24;9;10;3;1;6;13;6.36179;
1283.png;2;14;13;15;3;1;2;11;27.4146;
1281.png;2;17;16;1;3;3;8;1;49.6079;
1285.png;7;24;9;19;3;4;0;5;17.5204;
1284.png;11;9;15;13;3;2;3;6;11.0047;
1286.png;0;23;13;12;3;1;0;12;4.61893;
1287.png;0;14;12;4;3;1;6;1;12.7567;
1289.png;10;17;11;6;3;0;2;5;21.7231;
1288.png;1;14;8;0;3;4;8;1;31.1858;
1291.png;10;25;12;12;3;0;6;4;30.1235;
1290.png;9;15;6;0;3;1;6;2;18.1741;
1292.png;8;29;5;6;3;2;10;8;4.59697;
1293.png;11;18;14;19;3;1;10;13;7.05441;
1294.png;4;5;13;9;3;1;10;5;5.43787;
1295.png;7;7;14;9;3;1;10;7;24.2171;
1297.png;10;8;16;0;3;1;10;11;0.989887;
1296.png;9;23;17;2;3;0;10;10;2.86653;
1298.png;5;4;4;11;3;4;6;5;18.37;
1299.png;11;8;4;9;3;1;11;6;11.8888;
1300.png;3;24;7;15;3;1;3;8;4.3884;
1303.png;10;3;17;15;3;2;11;5;12.8299;
1301.png;8;22;12;17;3;2;1;8;10.1148;
1302.png;7;21;9;12;3;4;10;12;13.8583;
1304.png;4;29;1;15;3;1;6;5;9.81503;
1305.png;8;22;2;15;3;4;9;5;15.1234;
1306.png;12;1;19;13;3;1;5;8;7.98116;
1307.png;10;3;14;13;3;1;3;12;1.16443;
1308.png;5;25;6;2;3;1;10;8;11.2642;
1309.png;9;24;9;2;3;2;8;8;3.86829;
1310.png;7;19;7;0;3;0;8;1;10.2395;
1312.png;8;14;1;10;3;2;3;1;16.3175;
1313.png;13;17;9;2;3;1;8;2;33.9092;
1311.png;4;1;12;5;3;1;6;13;3.45514;
1314.png;2;14;11;19;3;2;0;8;18.9258;
1315.png;12;9;16;10;3;1;6;12;8.12478;
1316.png;10;16;17;13;3;1;6;12;1.99136;
1317.png;8;27;16;15;3;0;5;12;1.85008;
1318.png;8;26;5;9;3;0;10;13;13.3631;
1320.png;8;19;6;10;3;2;9;12;8.45588;
1319.png;10;25;3;16;3;2;0;6;29.1974;
1321.png;7;22;7;9;3;2;10;12;4.80081;
1322.png;10;6;12;18;3;2;4;12;14.9327;
1323.png;11;16;7;9;3;1;6;11;5.57711;
1324.png;3;25;4;12;3;1;9;12;11.1373;
1326.png;5;8;1;13;3;3;5;1;33.3868;
1325.png;10;28;2;0;3;0;0;0;7.63052;
1327.png;0;13;17;15;2;1;8;11;292.112;
1328.png;5;18;19;3;3;4;8;8;10.225;
1329.png;13;1;13;10;3;1;8;13;24.2513;
1331.png;0;9;16;15;3;1;8;1;8.43674;
1330.png;5;19;7;4;1;0;10;13;123.919;
1332.png;9;17;7;9;3;0;10;10;2.16014;
1333.png;11;18;8;10;3;4;8;0;13.753;
1334.png;2;8;2;0;3;5;3;5;40.9798;
1335.png;12;29;8;10;3;0;3;8;8.91593;
1336.png;9;13;12;13;3;2;6;9;20.0726;
1337.png;8;22;16;18;3;0;8;8;1.44545;
1338.png;3;14;7;0;3;4;10;0;12.1105;
1339.png;0;19;2;18;3;1;6;10;3.66825;
1340.png;12;29;8;18;3;0;10;13;9.85984;
1341.png;5;16;16;18;3;0;10;0;1.70848;
1343.png;8;17;12;19;3;1;10;3;15.4407;
1342.png;12;2;4;10;1;0;0;5;130.391;
1344.png;4;5;7;6;3;1;5;9;8.81558;
1345.png;8;28;10;6;3;0;8;6;14.4969;
1346.png;5;6;12;18;3;1;6;11;2.32087;
1347.png;8;14;2;16;1;0;3;5;123.746;
1348.png;10;27;2;15;3;1;8;10;3.4586;
1349.png;9;27;14;10;3;1;10;8;0.932975;
1350.png;10;5;8;3;3;1;3;5;6.21132;
1351.png;3;28;19;0;3;5;5;11;28.7472;
1352.png;3;22;5;12;3;0;9;8;5.08915;
1353.png;10;10;2;13;3;5;10;10;29.8663;
1355.png;10;28;12;18;3;0;6;5;3.8828;
1354.png;5;19;15;2;3;0;4;6;16.0479;
1356.png;4;8;6;10;3;4;10;0;13.6244;
1357.png;0;19;2;2;3;1;8;11;4.12189;
1358.png;0;25;13;5;3;1;8;5;9.93369;
1359.png;8;16;11;0;3;1;8;12;1.85624;
1361.png;12;24;5;10;3;1;10;6;8.54762;
1360.png;0;27;4;18;3;1;10;5;3.21151;
1362.png;12;28;19;11;1;0;6;12;125.915;
1363.png;7;17;14;12;3;0;8;12;2.97026;
1364.png;7;1;6;10;3;1;6;13;7.17891;
1366.png;10;28;3;13;3;0;6;10;15.2557;
1365.png;7;22;7;2;3;1;1;12;4.08115;
1367.png;5;6;1;18;3;0;10;13;9.64766;
1368.png;9;8;16;7;3;1;3;7;26.5872;
1369.png;5;22;16;13;3;0;6;13;2.88571;
1370.png;5;6;18;10;3;0;8;1;14.2797;
1371.png;0;26;12;2;3;1;5;2;23.1147;
1373.png;7;9;9;0;3;1;6;8;2.60397;
1372.png;2;18;13;7;3;4;2;11;42.0584;
1374.png;8;27;19;6;3;3;8;0;21.5993;
1375.png;0;18;15;10;3;4;1;2;24.2552;
1376.png;3;2;5;13;3;0;3;12;5.0528;
1378.png;0;16;14;15;3;2;3;8;3.49418;
1377.png;0;22;2;6;3;4;5;0;13.5563;
1379.png;9;29;9;13;3;1;10;12;0.980265;
1380.png;8;28;12;6;3;0;9;9;7.79711;
1381.png;2;19;0;13;3;2;6;11;18.2531;
1382.png;0;14;14;7;3;1;8;13;8.67579;
1384.png;13;23;9;8;3;1;0;13;39.5013;
1383.png;4;14;19;7;3;2;10;10;10.1273;
1385.png;10;12;5;5;3;1;8;5;12.2383;
1386.png;0;29;17;19;3;0;7;8;13.751;
1387.png;5;23;9;1;3;5;5;8;38.809;
1388.png;8;12;15;6;3;1;10;13;14.5472;
1389.png;3;5;2;19;3;2;3;12;10.9717;
1390.png;1;8;8;19;3;2;6;0;19.4334;
1392.png;4;24;13;3;3;1;0;10;6.17541;
1391.png;10;19;18;13;3;1;0;11;9.85526;
1393.png;9;23;6;12;3;2;8;12;7.47276;
1394.png;8;21;14;4;3;2;9;9;16.1919;
1395.png;7;28;16;8;3;4;10;1;29.2012;
1398.png;4;23;13;7;3;0;10;1;15.1802;
1397.png;3;8;4;16;3;1;0;12;8.69093;
1396.png;11;0;8;3;3;2;6;8;19.4681;
1399.png;0;24;9;12;3;1;9;8;2.6822;
1400.png;11;14;11;12;3;1;3;3;19.55;
1401.png;10;18;16;10;3;0;9;5;4.69699;
1402.png;1;6;14;0;3;0;6;11;17.1566;
1403.png;3;22;13;6;3;0;6;12;5.11574;
1404.png;5;11;17;16;3;0;3;8;5.27981;
1405.png;9;28;11;12;3;0;10;12;2.81908;
1406.png;1;29;2;15;3;1;3;0;18.4903;
1407.png;9;15;0;12;3;2;4;2;32.0385;
1408.png;11;17;18;10;3;0;1;12;11.8143;
1409.png;5;14;19;12;3;0;6;9;5.55748;
1410.png;2;16;12;2;3;0;6;6;12.6353;
1411.png;10;29;16;17;3;2;1;0;10.1045;
1412.png;1;22;18;2;3;0;5;1;28.1861;
1413.png;11;19;11;11;3;1;9;13;10.7413;
1416.png;5;18;0;18;3;0;2;11;22.0075;
1415.png;8;29;2;5;3;1;9;5;7.26585;
1414.png;11;0;10;17;3;1;6;3;45.2446;
1417.png;10;8;0;10;3;0;10;1;12.2771;
1418.png;9;12;12;16;3;2;0;10;17.6005;
1419.png;0;15;0;18;3;1;7;10;17.1806;
1422.png;0;11;15;15;3;0;10;13;5.25572;
1421.png;0;8;14;2;3;0;6;7;20.6009;
1420.png;4;2;7;10;3;0;10;11;3.79843;
1423.png;8;17;19;19;3;1;10;12;1.87889;
1424.png;13;6;13;0;3;2;8;8;25.8789;
1425.png;9;26;19;3;3;0;1;8;14.4162;
1427.png;1;13;5;12;3;1;7;7;57.7081;
1426.png;5;26;19;13;3;1;8;12;11.693;
1428.png;5;0;13;8;3;1;3;7;43.8445;
1429.png;8;27;12;9;1;0;10;4;138.962;
1430.png;7;22;16;12;3;2;0;8;7.91234;
1431.png;7;18;19;13;3;1;8;3;15.3447;
1433.png;7;8;14;17;3;1;6;6;7.79736;
1432.png;11;16;7;3;3;1;2;10;21.736;
1435.png;4;8;12;15;3;4;0;8;13.3986;
1434.png;0;2;18;3;3;2;3;6;10.8509;
1436.png;6;16;11;19;3;0;3;11;24.2419;
1437.png;4;28;2;13;3;2;10;6;6.91103;
1438.png;12;1;15;18;3;2;5;8;12.652;
1439.png;5;7;18;0;3;0;10;10;9.74888;
1440.png;7;23;7;8;3;1;5;11;15.2091;
1441.png;10;17;7;15;3;0;1;12;3.5249;
1442.png;7;11;17;5;3;1;0;10;7.28617;
1443.png;5;13;4;9;3;0;9;4;38.2023;
1444.png;12;28;19;18;3;1;3;11;8.08824;
1445.png;4;4;1;0;3;0;9;12;13.1573;
1446.png;7;14;12;12;3;0;3;10;3.39107;
1447.png;3;25;9;17;3;0;1;6;17.4567;
1448.png;9;17;18;2;3;4;5;12;14.6928;
1449.png;10;9;9;4;3;1;10;11;6.62965;
1450.png;4;17;18;3;3;0;10;13;8.87705;
1451.png;3;22;5;12;3;1;10;11;3.63919;
1452.png;7;18;9;9;3;0;9;12;3.77942;
1453.png;10;19;12;15;3;2;6;0;3.85014;
1454.png;11;1;12;16;2;2;8;12;285.883;
1456.png;3;3;14;10;3;2;10;12;5.4608;
1455.png;12;14;13;10;3;1;6;11;7.84462;
1457.png;0;17;5;3;3;1;10;13;2.72219;
1459.png;9;10;19;2;3;1;11;8;8.88912;
1458.png;5;25;17;0;3;1;5;12;9.05572;
1460.png;10;25;16;10;3;0;10;0;7.78991;
1461.png;11;19;4;0;3;4;8;12;13.7031;
1462.png;13;7;14;12;3;2;6;8;28.4439;
1463.png;10;18;9;10;3;5;0;5;31.3031;
1464.png;12;3;4;16;3;1;6;1;16.4372;
1465.png;3;15;19;2;3;1;7;5;17.563;
1466.png;5;18;2;13;3;1;6;11;3.912;
1467.png;3;14;9;18;1;2;3;6;121.652;
1468.png;11;25;16;10;3;5;10;0;35.9332;
1469.png;7;23;12;3;3;3;6;8;21.9655;
1471.png;8;14;4;9;3;0;6;13;3.18992;
1470.png;9;9;13;9;3;4;6;0;10.3834;
1472.png;2;23;16;3;3;0;1;0;14.1907;
1473.png;8;19;19;6;3;4;5;10;11.3253;
1475.png;12;4;13;3;3;5;1;9;42.2396;
1474.png;8;11;12;0;3;0;5;10;2.31105;
1477.png;12;1;5;11;3;0;4;6;22.2876;
1476.png;4;17;0;5;3;4;5;1;21.4779;
1478.png;0;23;12;14;3;1;10;1;18.9551;
1479.png;0;26;5;15;3;2;9;2;25.969;
1480.png;7;16;5;0;3;0;10;11;2.77406;
1482.png;10;23;9;18;3;0;7;2;22.3511;
1481.png;13;16;7;10;3;0;8;8;23.7939;
1483.png;5;3;9;19;3;5;9;10;28.2166;
1484.png;9;29;14;16;3;4;9;5;14.7545;
1485.png;9;18;16;18;3;0;8;8;1.55374;
1486.png;10;2;13;15;3;1;5;13;3.58214;
1487.png;7;23;12;10;3;1;0;0;5.71905;
1488.png;5;0;12;9;3;0;3;10;13.6243;
1489.png;4;22;8;5;3;1;9;13;4.67643;
1490.png;5;16;8;12;3;0;6;10;2.52287;
1491.png;0;8;5;18;3;1;10;2;11.8183;
1492.png;7;14;19;11;3;3;6;12;23.5512;
1493.png;9;24;9;7;3;2;1;10;11.7888;
1494.png;0;8;7;5;3;2;6;0;4.16447;
1495.png;4;1;4;0;3;1;6;11;2.17633;
1496.png;7;10;19;3;3;1;0;2;18.9353;
1497.png;0;28;12;0;3;0;8;8;1.78478;
1499.png;5;15;13;0;3;1;1;3;18.3777;
1500.png;7;19;17;5;3;2;10;12;6.17411;
1498.png;8;10;7;18;1;2;11;2;137.968;
1501.png;0;26;8;10;3;2;6;13;15.4135;
1502.png;9;18;9;13;3;5;10;8;25.7219;
1503.png;5;18;17;10;3;1;5;9;6.2043;
1505.png;0;10;6;9;3;0;3;0;7.54131;
1504.png;8;2;14;10;3;1;10;12;1.9694;
1507.png;10;24;11;10;3;1;6;10;2.2259;
1506.png;7;17;10;12;2;1;9;6;291.319;
1508.png;0;3;11;0;3;2;11;11;10.5808;
1509.png;0;10;5;12;3;2;3;6;6.07218;
1510.png;12;27;5;18;0;5;10;7;252.613;
1511.png;5;6;7;13;3;0;3;2;14.3168;
1513.png;13;18;13;0;3;1;8;6;23.5084;
1512.png;6;25;2;15;3;1;8;0;30.2211;
1514.png;3;9;19;3;3;1;3;10;4.86689;
1515.png;8;2;8;13;3;0;5;10;3.47482;
1516.png;3;6;13;13;3;2;3;5;8.71043;
1517.png;1;28;12;9;3;1;9;12;16.9472;
1518.png;8;28;16;6;3;1;8;6;3.03988;
1519.png;5;1;4;10;3;1;9;10;2.70217;
1520.png;7;1;14;16;3;0;10;12;4.66255;
1521.png;10;24;11;2;3;1;11;10;8.50576;
1522.png;9;15;7;5;3;1;3;5;6.61418;
1523.png;5;25;9;10;3;0;10;9;11.4639;
1524.png;13;6;17;13;3;1;11;11;31.1737;
1525.png;7;13;14;19;3;1;3;12;16.4585;
1526.png;9;27;9;15;3;2;10;8;3.20373;
1527.png;0;19;19;3;3;4;8;5;12.5282;
1529.png;9;17;14;2;3;1;6;4;22.9792;
1530.png;8;13;19;6;3;4;6;9;27.1915;
1531.png;1;11;18;19;3;1;8;10;21.7747;
1528.png;8;15;6;15;3;2;10;13;10.5317;
1532.png;7;9;9;5;3;1;1;10;4.6901;
1534.png;3;9;12;13;3;1;6;13;5.27397;
1533.png;10;3;7;18;3;0;8;3;15.3016;
1535.png;13;10;17;18;3;0;9;2;38.4665;
1537.png;7;25;13;10;3;1;9;4;31.3064;
1536.png;10;5;4;12;3;3;10;13;23.3632;
1538.png;5;9;16;15;3;1;3;5;4.33024;
1541.png;0;2;9;9;3;1;8;6;2.7487;
1539.png;4;17;9;16;3;5;8;8;28.1488;
1540.png;4;25;13;12;3;1;10;10;8.07148;
1543.png;8;16;6;19;3;2;8;10;8.20433;
1542.png;11;29;16;11;3;2;10;8;9.42887;
1544.png;10;15;14;10;3;1;11;6;9.9595;
1545.png;8;16;14;15;3;0;6;3;14.9501;
1547.png;0;9;13;12;3;5;9;6;28.5496;
1549.png;13;23;7;18;3;1;3;12;23.4174;
1546.png;10;19;11;15;3;0;8;1;9.57669;
1548.png;5;7;13;18;3;5;8;12;29.1299;
1550.png;3;28;4;12;3;1;3;10;4.06812;
1552.png;10;6;4;18;3;1;1;8;3.35825;
1551.png;9;3;4;0;3;1;4;0;12.3257;
1554.png;9;23;19;10;3;0;7;10;11.4796;
1555.png;7;3;2;13;3;4;0;5;18.486;
1553.png;2;1;8;14;3;1;10;5;25.1974;
1556.png;12;7;15;9;3;1;10;12;12.9949;
1557.png;10;8;1;18;3;1;3;10;7.06772;
1560.png;8;8;6;18;3;0;8;8;5.30106;
1558.png;4;7;11;16;3;3;10;3;39.7081;
1559.png;0;25;3;2;3;5;0;9;52.8284;
1561.png;4;23;16;10;3;2;10;0;3.74969;
1562.png;0;7;12;13;3;0;0;6;8.81501;
1563.png;5;2;17;6;1;5;6;10;145.011;
1565.png;7;24;4;13;3;4;3;12;11.3009;
1564.png;7;19;13;2;3;1;1;8;3.9654;
1566.png;10;21;16;3;3;1;10;13;6.05309;
1567.png;8;8;5;12;3;2;8;12;3.53345;
1568.png;8;23;9;10;3;1;10;5;2.99271;
1569.png;9;21;15;10;3;2;8;8;9.04643;
1570.png;6;17;4;9;3;2;9;10;24.9397;
1571.png;1;11;9;12;3;1;5;5;18.4451;
1573.png;0;3;13;0;3;2;9;3;17.6962;
1572.png;0;23;7;10;3;1;8;13;2.60595;
1574.png;3;1;4;2;3;1;10;8;3.56489;
1575.png;4;14;1;0;3;0;10;13;9.29031;
1576.png;4;3;2;13;3;2;9;12;7.35869;
1577.png;12;19;4;18;3;2;11;8;16.4946;
1579.png;9;14;14;9;3;5;10;9;29.5848;
1578.png;10;16;8;2;3;0;7;0;12.0229;
1580.png;10;29;4;8;3;0;0;10;17.4057;
1581.png;10;10;13;2;3;0;8;0;3.46875;
1582.png;5;23;14;3;3;5;9;11;28.221;
1584.png;3;29;14;16;3;1;8;10;5.32054;
1583.png;10;16;4;8;1;0;4;9;143.507;
1585.png;4;24;4;5;3;1;10;2;13.6348;
1586.png;12;10;12;6;3;2;5;12;13.4268;
1587.png;10;18;16;19;3;0;8;1;9.33413;
1590.png;12;6;19;5;0;3;1;11;231.018;
1588.png;10;6;11;14;3;1;6;11;13.9581;
1589.png;12;8;4;13;3;1;10;10;7.6783;
1591.png;4;27;4;3;3;1;1;9;7.51093;
1592.png;3;1;7;10;3;4;10;4;33.9497;
1593.png;11;19;9;0;3;1;10;0;5.08743;
1594.png;8;14;16;15;1;1;3;13;117.773;
1595.png;9;0;10;10;3;0;10;12;23.5676;
1596.png;3;22;19;0;3;2;4;12;16.3153;
1597.png;4;6;5;16;3;1;6;6;4.69358;
1598.png;10;24;5;2;3;5;10;6;26.8455;
1599.png;8;27;13;2;3;4;10;1;16.08;
1600.png;0;6;7;3;3;2;6;10;5.14758;
1602.png;7;19;5;0;3;0;3;6;3.80727;
1603.png;8;8;9;10;3;1;9;8;1.89005;
1601.png;0;8;11;3;3;1;9;11;3.87532;
1604.png;13;6;13;10;3;1;3;0;23.9051;
1605.png;13;3;16;13;3;1;9;11;24.1113;
1606.png;0;9;12;10;3;2;10;13;5.23787;
1607.png;5;21;19;10;3;0;3;5;7.53831;
1609.png;1;24;4;10;3;2;10;2;29.5073;
1608.png;7;1;16;0;3;2;6;0;4.57261;
1610.png;11;23;16;15;3;0;8;12;5.36527;
1611.png;12;23;2;15;3;0;10;13;11.8266;
1612.png;8;28;1;15;3;2;1;8;10.9552;
1614.png;4;16;13;6;3;4;10;5;13.3074;
1613.png;5;1;7;5;3;1;3;10;2.5048;
1615.png;4;23;14;19;3;0;9;9;7.82524;
1616.png;3;7;9;0;3;0;3;13;8.28484;
1617.png;1;22;16;12;3;3;5;1;41.9241;
1618.png;3;13;4;18;3;1;6;8;16.3917;
1619.png;0;15;14;9;3;1;11;6;10.1563;
1620.png;3;27;14;12;3;1;3;11;4.05588;
1621.png;1;16;4;0;3;0;11;8;22.3976;
1622.png;10;18;2;19;3;1;10;0;4.50528;
1623.png;3;1;14;19;3;0;8;13;6.42192;
1624.png;11;14;14;13;3;0;8;11;5.79593;
1626.png;3;19;11;8;3;0;8;12;17.1698;
1625.png;4;22;7;14;3;1;11;13;20.4821;
1627.png;0;5;19;5;3;2;6;8;5.19276;
1628.png;6;24;9;6;3;1;0;2;37.4903;
1629.png;4;16;9;6;3;1;6;13;3.95141;
1632.png;8;29;9;18;3;2;9;12;4.36589;
1631.png;3;16;9;10;3;2;6;9;8.86039;
1630.png;1;23;7;15;3;5;5;11;41.4681;
1633.png;6;5;1;2;3;1;11;12;35.0409;
1634.png;5;10;14;13;3;1;0;6;7.00914;
1635.png;10;10;12;9;3;1;8;13;4.17235;
1636.png;10;13;12;18;3;0;10;12;14.5968;
1638.png;12;1;16;10;1;4;1;0;133.036;
1637.png;7;9;13;5;3;1;5;3;16.8288;
1639.png;9;19;3;9;3;1;9;1;23.0897;
1640.png;0;15;11;16;3;5;3;1;37.8289;
1641.png;1;28;2;18;3;0;9;1;26.4851;
1642.png;7;10;1;10;0;1;10;6;211.594;
1643.png;0;22;5;15;2;0;6;2;289.107;
1644.png;1;14;7;14;3;0;3;5;30.2168;
1645.png;2;20;12;2;3;1;6;11;24.2612;
1646.png;4;1;9;10;3;1;7;0;11.6026;
1647.png;6;6;9;13;3;5;3;6;47.5908;
1648.png;10;9;3;4;3;0;3;11;21.3241;
1651.png;0;18;5;13;3;0;3;13;2.94648;
1649.png;0;18;7;13;3;1;10;11;1.56407;
1650.png;0;16;14;18;3;2;6;10;3.20573;
1652.png;2;24;11;10;3;1;9;9;17.1619;
1653.png;3;24;9;10;3;1;10;11;3.8093;
1654.png;0;25;9;18;3;1;6;9;10.622;
1655.png;6;16;13;18;3;2;8;8;23.4276;
1657.png;10;23;5;0;3;1;0;10;4.29882;
1656.png;4;16;19;17;3;0;6;0;7.27236;
1658.png;8;25;5;19;3;0;6;11;9.229;
1659.png;3;5;14;13;3;0;6;2;16.5919;
1660.png;4;21;11;17;3;1;8;8;10.8849;
1662.png;4;23;12;9;3;2;1;1;12.461;
1661.png;1;21;5;8;3;3;5;12;50.3874;
1663.png;10;4;12;17;3;0;1;6;13.0145;
1664.png;5;27;13;5;3;4;8;12;9.96915;
1665.png;8;16;9;0;3;0;1;8;3.02437;
1666.png;10;7;14;6;3;1;10;9;8.79226;
1667.png;8;11;2;13;3;5;6;9;31.9779;
1668.png;9;22;19;14;1;1;10;13;128.634;
1669.png;8;8;16;5;3;1;3;6;2.15255;
1670.png;7;16;7;3;3;0;3;10;4.03585;
1671.png;11;10;4;6;3;2;5;10;10.7383;
1672.png;10;16;2;13;3;1;1;0;5.03613;
1673.png;4;16;17;16;3;2;3;13;8.32809;
1674.png;1;17;7;16;3;0;3;8;18.587;
1675.png;8;16;19;0;3;2;8;8;3.21791;
1676.png;3;14;8;9;3;0;3;8;4.66293;
1677.png;3;11;8;4;3;2;3;6;11.9606;
1678.png;3;25;12;6;3;5;9;8;36.9976;
1681.png;0;16;9;19;3;2;10;10;4.15718;
1679.png;2;23;13;4;3;0;6;6;17.321;
1680.png;5;15;4;15;3;0;3;6;5.2102;
1683.png;9;23;14;13;3;1;0;2;15.6129;
1682.png;4;28;4;2;3;4;10;12;10.1187;
1684.png;8;23;19;11;3;0;9;8;5.01959;
1685.png;10;11;5;0;3;1;9;13;3.38066;
1686.png;12;22;13;3;3;0;1;0;10.6068;
1687.png;3;6;9;9;3;0;1;9;9.71356;
1688.png;8;19;6;5;1;1;1;0;122.539;
1689.png;5;28;7;0;3;1;9;10;2.85108;
1690.png;10;16;7;18;3;0;4;0;12.8892;
1691.png;9;10;5;15;3;1;10;12;2.67028;
1693.png;3;7;5;2;3;0;3;9;10.6497;
1692.png;5;1;0;12;3;1;10;8;5.69481;
1694.png;4;4;13;3;3;0;8;12;6.84713;
1695.png;9;13;12;2;3;1;9;1;22.2409;
1696.png;11;5;19;7;3;4;5;6;22.1026;
1698.png;8;0;11;13;3;0;10;11;13.9185;
1697.png;5;18;10;0;3;0;7;6;23.1008;
1699.png;11;8;18;0;3;1;10;8;9.54429;
1700.png;3;18;18;12;3;0;10;12;8.93905;
1701.png;0;2;1;8;3;0;8;13;21.9922;
1702.png;9;6;18;9;3;4;6;8;15.1474;
1704.png;10;24;11;15;3;1;7;2;23.2836;
1703.png;3;25;14;0;3;2;8;9;15.4714;
1705.png;9;15;12;18;3;1;3;9;7.17683;
1706.png;0;27;9;15;3;0;1;10;3.09269;
1707.png;5;29;9;7;3;4;10;3;29.2118;
1708.png;7;7;5;17;3;4;1;9;23.6315;
1710.png;0;29;19;19;3;4;9;5;13.7156;
1709.png;10;10;1;5;3;0;7;7;38.501;
1711.png;11;22;16;0;3;1;10;8;4.54491;
1713.png;11;21;14;19;3;1;3;6;10.1528;
1712.png;4;22;14;3;3;1;0;5;7.8839;
1714.png;8;5;18;18;3;1;3;11;8.07424;
1717.png;10;14;19;13;3;0;6;9;4.95105;
1715.png;8;19;12;4;3;1;7;3;29.5549;
1716.png;2;22;4;9;3;2;6;0;13.9831;
1718.png;3;10;13;0;3;5;9;10;30.9195;
1719.png;5;4;4;3;3;4;9;5;17.7801;
1720.png;9;19;16;17;3;0;10;12;6.9591;
1721.png;2;29;2;14;3;0;10;12;25.4892;
1723.png;0;0;16;12;3;1;9;13;14.7164;
1722.png;11;24;14;17;3;4;0;12;22.2195;
1724.png;5;4;5;13;3;1;6;8;5.04427;
1726.png;10;23;19;3;3;2;8;0;4.062;
1725.png;1;15;11;19;3;4;3;6;28.9334;
1729.png;12;11;6;5;3;0;10;8;12.4406;
1727.png;9;16;2;18;3;1;10;11;3.66339;
1728.png;8;7;9;2;3;1;6;12;3.98851;
1730.png;5;17;8;0;3;0;1;11;4.12447;
1732.png;8;29;0;12;3;1;4;8;16.3513;
1731.png;8;23;19;0;3;1;6;0;1.03354;
1734.png;8;23;19;6;3;2;5;12;4.91501;
1733.png;8;3;7;18;3;4;10;1;16.4471;
1735.png;10;28;4;13;3;4;4;0;20.5539;
1736.png;10;21;13;4;3;0;5;12;10.0719;
1737.png;9;14;9;13;3;0;0;10;5.0794;
1738.png;8;19;8;18;3;1;6;10;1.72825;
1740.png;9;1;14;18;3;4;3;0;9.99237;
1739.png;8;14;4;2;3;1;10;10;1.25441;
1741.png;8;14;16;9;3;1;3;8;1.27243;
1742.png;2;28;7;12;3;1;9;8;13.0895;
1743.png;4;22;5;7;3;4;8;10;16.2313;
1744.png;8;14;3;4;2;0;10;2;307.748;
1745.png;7;6;12;18;3;0;3;8;3.69534;
1747.png;11;8;19;13;3;1;6;13;5.86825;
1746.png;3;9;17;3;3;0;7;8;16.2923;
1748.png;9;19;7;5;3;4;4;10;21.4895;
1749.png;2;27;3;8;3;4;10;5;47.4899;
1750.png;10;18;19;2;3;5;3;6;26.6663;
1753.png;7;11;13;10;3;0;5;8;3.10187;
1752.png;3;14;9;18;3;0;0;10;7.20092;
1751.png;9;19;13;17;3;2;8;9;12.4056;
1754.png;4;22;8;10;2;0;3;2;290.387;
1755.png;10;18;14;18;3;4;6;3;22.5531;
1756.png;7;10;4;0;3;2;8;0;6.46683;
1757.png;10;7;16;0;3;0;2;0;20.437;
1758.png;11;11;9;13;3;1;10;5;7.00897;
1759.png;10;3;12;13;3;1;1;12;2.62011;
1761.png;10;16;2;19;3;1;11;10;10.5854;
1760.png;4;27;18;12;3;5;0;10;35.0211;
1762.png;8;16;3;19;3;1;1;6;17.947;
1763.png;10;10;14;17;3;0;0;9;15.3333;
1764.png;0;23;16;18;3;1;8;13;2.07034;
1765.png;5;19;16;17;3;1;10;13;7.7344;
1767.png;10;8;1;13;3;0;10;0;7.4982;
1766.png;4;0;17;13;3;0;6;8;14.4697;
1768.png;8;16;16;17;3;0;3;8;6.81176;
1770.png;10;7;14;19;3;1;10;6;5.65095;
1771.png;13;14;16;9;3;2;3;8;25.4121;
1769.png;7;11;18;15;3;1;8;0;7.39443;
1772.png;9;10;5;8;3;0;9;0;16.6905;
1773.png;0;11;13;9;3;1;11;6;8.06041;
1774.png;8;8;7;16;3;0;11;3;23.364;
1777.png;5;10;13;2;3;0;10;8;3.45672;
1775.png;6;0;17;15;3;0;3;10;34.5531;
1776.png;10;14;13;12;3;0;8;13;3.11717;
1778.png;5;18;11;19;1;2;5;13;122.355;
1779.png;7;28;14;16;3;2;8;2;17.5075;
1780.png;11;25;12;10;3;2;5;10;13.9159;
1782.png;12;29;19;2;3;1;3;13;9.15731;
1781.png;8;6;2;16;3;4;8;0;14.6146;
1783.png;1;19;19;5;3;1;9;2;28.3628;
1785.png;2;8;13;16;3;5;6;13;39.1488;
1784.png;0;6;2;2;3;0;8;6;5.50308;
1786.png;7;15;7;3;3;4;10;8;13.6734;
1788.png;8;8;12;10;3;1;11;12;7.2064;
1787.png;0;24;18;17;3;4;6;6;20.455;
1789.png;3;24;8;18;3;1;9;11;5.52102;
1790.png;9;22;16;2;3;4;6;12;9.32395;
1791.png;8;22;5;2;3;4;6;11;9.58877;
1792.png;9;29;13;13;3;1;6;10;1.15328;
1794.png;10;22;5;6;3;1;1;13;5.00478;
1795.png;1;16;6;13;3;2;10;13;22.6922;
1793.png;3;3;9;15;3;4;5;6;12.5264;
1796.png;8;25;12;10;3;5;8;9;35.8745;
1797.png;5;9;11;13;3;0;8;6;4.07786;
1798.png;9;2;13;15;3;1;10;2;13.2016;
1801.png;3;29;5;18;3;0;10;12;3.7408;
1799.png;5;3;19;8;3;2;8;9;19.151;
1800.png;13;24;4;11;3;1;3;11;26.4927;
1803.png;10;8;2;10;3;0;7;12;13.7609;
1802.png;10;3;16;13;3;1;9;2;13.0072;
1804.png;0;7;19;4;0;2;6;2;223.54;
1805.png;0;3;9;15;3;4;5;0;9.73788;
1806.png;9;7;7;4;3;0;0;11;13.7817;
1807.png;10;17;17;18;3;0;3;6;3.50789;
1808.png;0;16;7;18;3;0;3;11;2.4312;
1809.png;9;0;13;10;3;1;6;0;12.4079;
1810.png;8;25;2;9;3;5;5;8;35.0862;
1811.png;7;22;12;2;3;4;10;2;21.5958;
1812.png;3;19;12;9;3;1;3;8;4.02441;
1813.png;0;3;7;10;3;1;3;10;1.61763;
1814.png;4;21;16;0;3;1;0;7;27.2375;
1815.png;8;5;11;7;3;1;3;12;10.1326;
1816.png;8;22;12;5;3;5;10;13;27.5449;
1817.png;0;14;16;12;3;4;9;4;32.4841;
1818.png;9;5;9;2;3;2;1;2;17.7264;
1819.png;10;3;19;10;3;4;10;0;9.23633;
1820.png;10;27;16;15;3;4;6;6;9.7999;
1821.png;13;6;13;7;3;0;6;5;32.7229;
1823.png;2;1;2;6;3;2;8;10;17.6357;
1822.png;8;5;7;12;3;5;10;0;28.3175;
1825.png;11;1;12;10;3;4;0;10;16.8973;
1824.png;0;29;7;5;3;1;3;11;2.41208;
1826.png;7;8;14;2;3;2;6;11;4.68354;
1827.png;7;13;4;3;3;1;4;13;28.1624;
1828.png;13;7;13;16;3;2;9;10;31.194;
1829.png;4;26;11;18;3;1;10;10;12.8054;
1830.png;8;29;16;9;3;4;10;11;9.70023;
1831.png;10;11;11;13;1;0;3;5;120.324;
1832.png;9;1;0;10;3;4;6;2;24.785;
1833.png;3;18;19;12;0;2;8;10;207.175;
1834.png;5;18;14;11;3;5;4;13;40.6718;
1835.png;5;29;13;17;1;0;8;2;133.523;
1837.png;7;24;19;15;3;0;3;0;3.50677;
1836.png;9;22;7;2;3;4;6;1;16.647;
1838.png;7;19;12;5;1;5;8;13;144.387;
1839.png;5;8;19;9;3;2;5;5;6.10393;
1840.png;0;6;6;5;3;2;0;13;12.8403;
1842.png;0;13;3;13;3;4;5;8;36.3149;
1841.png;10;1;2;5;3;0;6;5;6.74711;
1843.png;5;23;14;16;1;0;6;11;119.302;
1844.png;10;17;4;9;3;1;10;12;1.11853;
1845.png;10;10;14;18;3;4;10;5;13.0814;
1847.png;3;5;1;13;3;4;8;6;19.8979;
1848.png;7;9;12;5;3;2;8;1;12.4594;
1846.png;5;8;18;9;3;1;10;13;7.37639;
1849.png;10;20;10;9;3;2;5;10;27.0236;
1850.png;1;7;9;10;3;1;10;11;18.6592;
1853.png;8;11;5;5;3;1;6;11;1.80321;
1851.png;10;29;16;0;3;1;8;6;1.61547;
1852.png;7;1;16;13;3;2;3;1;11.4618;
1855.png;10;8;5;13;3;1;8;10;0.87013;
1854.png;0;28;19;17;3;0;10;8;6.58294;
1856.png;4;5;4;12;3;5;10;3;41.8026;
1857.png;0;23;14;10;3;0;8;8;1.543;
1858.png;8;27;16;15;2;1;6;12;277.405;
1859.png;6;19;6;4;3;0;9;10;31.9001;
1861.png;8;24;5;5;3;4;10;13;11.3362;
1860.png;8;27;8;10;3;0;10;12;1.90931;
1862.png;5;26;16;12;3;0;6;8;12.4689;
1864.png;10;24;5;5;3;4;11;12;16.234;
1863.png;7;8;13;5;3;1;9;10;3.52536;
1865.png;10;8;17;10;3;0;3;9;6.37501;
1866.png;9;3;6;15;3;1;3;12;5.13381;
1867.png;10;22;4;10;3;5;5;13;27.4997;
1868.png;5;4;9;5;3;0;6;12;6.07159;
1869.png;12;5;17;15;3;5;8;6;36.0469;
1870.png;8;0;5;3;3;1;5;12;13.2382;
1871.png;2;22;9;18;3;0;1;6;13.9199;
1872.png;12;5;11;10;3;4;10;10;18.3759;
1873.png;10;7;13;0;3;2;5;6;7.26327;
1874.png;0;18;19;10;3;1;10;5;2.9706;
1876.png;9;9;6;13;3;2;6;1;14.6196;
1875.png;11;22;12;8;3;0;1;12;19.2024;
1877.png;10;28;13;16;3;2;9;13;7.51075;
1878.png;2;21;19;18;3;1;10;7;33.4357;
1879.png;5;9;1;10;3;4;6;13;17.4245;
1880.png;10;23;11;18;3;1;1;0;3.4428;
1881.png;10;27;16;15;3;3;0;13;24.6368;
1883.png;8;23;12;3;3;1;10;10;1.79713;
1882.png;0;7;8;0;3;2;4;8;17.6138;
1884.png;8;17;14;8;3;5;7;11;48.1577;
1885.png;8;16;13;7;3;1;7;6;17.8538;
1886.png;0;11;8;10;3;1;10;6;2.12541;
1887.png;10;25;9;0;3;5;6;10;32.0311;
1891.png;12;9;12;18;3;1;6;8;8.32744;
1890.png;8;4;12;2;3;2;8;8;7.5067;
1889.png;3;19;12;13;3;1;10;11;3.88858;
1888.png;12;5;7;2;3;1;9;12;10.8271;
1892.png;0;24;12;3;3;4;10;6;11.2137;
1893.png;8;10;19;9;3;1;3;12;2.99066;
1894.png;2;24;0;18;3;1;7;1;32.4766;
1897.png;9;13;19;13;3;1;1;0;15.7974;
1896.png;0;28;9;15;3;2;3;3;16.8694;
1895.png;10;3;5;14;3;4;10;3;33.6501;
1898.png;0;8;8;3;3;1;0;0;5.65482;
1900.png;3;28;1;13;3;0;8;6;10.5688;
1899.png;3;23;17;3;3;0;10;6;6.29246;
1902.png;0;19;14;0;0;2;11;6;211.753;
1901.png;8;2;16;6;3;4;6;12;11.6348;
1903.png;10;8;9;16;3;1;2;8;18.4265;
1904.png;9;9;4;15;3;1;1;12;3.6163;
1906.png;12;10;2;8;3;5;8;10;48.8042;
1905.png;2;14;12;12;3;4;4;0;31.081;
1907.png;9;0;5;2;3;2;6;5;16.8391;
1908.png;11;7;16;19;0;0;4;2;232.762;
1909.png;0;23;16;18;3;0;3;10;1.66374;
1910.png;4;3;4;19;3;1;3;9;6.56121;
1911.png;10;25;8;10;3;1;4;9;22.056;
1913.png;10;28;14;9;3;1;3;10;1.4258;
1912.png;7;8;12;18;3;0;8;6;3.41072;
1915.png;4;21;12;15;3;1;9;11;6.45469;
1914.png;0;29;19;10;3;0;10;8;1.43007;
1916.png;10;5;19;5;3;1;3;9;6.6653;
1918.png;5;7;13;15;2;2;6;12;283.11;
1917.png;7;14;16;0;3;0;9;12;3.68247;
1919.png;10;6;14;6;3;1;10;8;2.92373;
1920.png;0;26;13;18;3;0;10;11;12.2396;
1921.png;4;18;19;17;3;1;6;8;6.51412;
1922.png;10;0;2;12;3;2;9;10;18.3437;
1923.png;4;24;14;8;3;1;10;8;14.0318;
1924.png;0;17;16;9;3;4;7;10;19.196;
1926.png;3;22;6;15;3;1;6;7;26.0097;
1927.png;5;19;4;12;3;1;10;10;1.97403;
1925.png;7;7;8;19;3;4;10;12;14.8971;
1928.png;10;3;0;0;3;5;8;13;31.2112;
1929.png;0;27;19;15;3;0;3;10;1.77016;
1931.png;9;2;19;13;3;0;3;9;6.41879;
1930.png;10;11;8;17;3;1;10;10;6.64989;
1932.png;9;1;17;6;3;4;8;12;12.1955;
1933.png;4;12;4;17;3;0;5;6;17.1737;
1934.png;8;7;17;3;3;1;8;2;17.1126;
1935.png;12;26;15;9;3;0;5;10;21.5303;
1937.png;1;13;18;2;3;0;0;9;41.1061;
1936.png;11;16;11;18;3;2;10;5;10.0149;
1939.png;8;0;9;13;3;1;3;2;23.488;
1938.png;5;11;17;7;3;4;6;9;20.7972;
1940.png;11;2;9;19;3;0;11;13;14.8441;
1941.png;9;9;12;13;3;0;10;9;5.9571;
1942.png;11;11;2;3;3;1;3;12;8.38516;
1943.png;3;3;19;12;3;4;3;10;12.075;
1945.png;3;4;18;6;3;2;11;8;21.9098;
1944.png;7;22;7;10;3;1;6;13;3.61835;
1946.png;8;13;12;5;3;1;7;13;25.7311;
1947.png;10;11;6;16;3;0;0;13;12.0326;
1948.png;10;11;17;1;3;2;6;11;17.3987;
1950.png;1;23;5;2;3;0;6;10;16.1041;
1949.png;8;2;11;17;3;1;10;9;11.4935;
1951.png;8;25;16;12;3;1;6;0;7.63685;
1952.png;3;16;12;7;3;0;1;10;11.9332;
1953.png;4;18;0;18;3;1;5;11;6.22644;
1954.png;1;16;18;2;3;0;6;9;24.5339;
1955.png;5;7;19;10;3;2;10;6;7.05767;
1957.png;2;23;2;15;3;0;3;11;14.8654;
1956.png;3;6;19;2;3;2;11;12;12.4199;
1958.png;9;7;13;1;3;0;1;0;18.9999;
1960.png;9;29;16;6;2;0;6;0;279.7;
1959.png;11;26;10;3;3;1;9;9;31.3971;
1962.png;9;15;14;18;3;1;1;6;5.54982;
1963.png;5;5;16;12;3;0;6;10;3.67888;
1961.png;5;18;16;10;3;2;6;0;3.51445;
1964.png;11;18;4;17;3;0;6;3;24.0506;
1966.png;5;29;14;13;3;4;11;8;15.7932;
1965.png;8;2;8;0;3;0;9;11;4.52329;
1967.png;12;29;14;0;3;1;3;13;9.19585;
1969.png;10;8;2;10;3;2;6;1;12.3589;
1968.png;10;3;7;3;3;0;10;8;2.56083;
1970.png;8;18;5;5;3;0;5;8;2.24398;
1972.png;9;24;2;9;3;2;6;12;6.42683;
1971.png;8;19;14;2;0;0;10;1;210.066;
1973.png;12;21;14;0;3;1;0;2;25.5128;
1974.png;0;5;15;10;3;0;5;13;7.06995;
1975.png;0;23;13;3;3;2;10;0;4.02076;
1976.png;8;9;13;2;3;4;10;10;10.0641;
1977.png;0;23;13;12;3;5;8;12;26.1102;
1978.png;0;9;19;13;3;2;8;1;10.721;
1981.png;5;6;12;10;3;4;0;0;13.9918;
1979.png;10;17;12;3;3;2;3;9;7.80486;
1980.png;1;22;15;9;3;1;10;12;17.83;
1982.png;4;18;9;15;3;0;6;5;4.2565;
1983.png;9;7;16;17;3;2;10;1;18.2046;
1984.png;8;8;11;3;3;1;10;11;2.75403;
1985.png;4;23;19;16;1;1;3;10;118.895;
1987.png;9;18;3;9;3;4;6;2;34.3068;
1986.png;1;19;2;2;3;1;5;5;20.8914;
1988.png;11;24;16;14;3;1;10;13;17.5178;
1989.png;0;18;17;5;1;1;6;10;117.838;
1992.png;13;8;13;10;3;0;10;9;26.7733;
1993.png;2;22;15;16;3;1;8;8;15.4139;
1990.png;4;8;16;5;3;0;0;12;5.80547;
1991.png;3;2;17;11;3;1;0;8;11.3051;
1994.png;7;29;14;11;3;4;3;0;13.3559;
1995.png;11;8;12;0;3;2;11;10;13.392;
1996.png;0;25;13;9;0;0;5;8;209.643;
1997.png;10;22;9;9;3;0;9;3;15.9681;
1998.png;4;1;13;17;3;5;6;5;33.89;
1999.png;9;8;8;13;3;0;10;5;4.21712;
2000.png;5;21;7;13;3;4;8;12;13.3715;
2001.png;0;24;9;11;3;1;9;0;5.02324;
2002.png;4;17;15;9;3;1;3;9;7.67102;
2004.png;8;11;19;3;3;2;8;6;4.86066;
2003.png;9;6;3;2;3;0;9;12;17.251;
2005.png;10;1;0;8;3;0;10;0;18.0191;
2006.png;0;11;12;12;3;0;6;0;2.28855;
2007.png;3;26;13;18;3;0;8;10;14.3884;
2008.png;12;18;9;18;3;1;5;6;8.43079;
2009.png;0;8;13;0;3;0;6;8;1.43087;
2010.png;4;9;4;6;3;0;10;9;7.83251;
2011.png;10;26;17;11;3;4;3;2;34.7512;
2012.png;4;24;4;9;3;5;8;7;46.2904;
2013.png;3;29;4;3;3;0;10;8;4.74601;
2015.png;2;11;14;9;3;0;10;10;12.1567;
2014.png;7;5;2;10;3;5;6;11;31.2731;
2016.png;3;3;16;8;3;0;3;10;16.1387;
2017.png;9;13;19;5;3;1;9;1;22.3702;
2018.png;2;14;19;4;3;0;6;12;16.6547;
2019.png;3;5;13;11;3;2;3;8;9.84218;
2020.png;5;21;16;10;3;4;6;12;12.7525;
2021.png;10;22;12;15;3;4;5;8;9.71331;
2022.png;1;19;4;13;3;4;5;5;26.9138;
2023.png;5;2;9;17;3;1;6;11;7.59927;
2024.png;4;24;15;14;3;0;9;3;30.5394;
2025.png;10;8;16;0;3;4;0;1;19.3398;
2026.png;10;2;9;18;3;2;6;0;4.27607;
2027.png;3;18;13;5;3;0;10;10;4.17611;
2028.png;7;19;16;18;3;1;8;12;2.26158;
2029.png;3;2;4;15;3;0;8;2;16.3038;
2030.png;3;24;14;2;3;0;9;6;6.16685;
2031.png;8;24;5;0;3;0;5;2;13.4767;
2033.png;8;3;19;13;3;0;6;5;3.71643;
2032.png;11;0;8;19;3;0;10;8;18.0674;
2034.png;11;10;8;13;3;1;10;2;17.9488;
2035.png;13;11;5;0;3;2;10;10;25.2229;
2036.png;12;16;4;0;3;1;3;10;8.02182;
2037.png;12;2;19;0;3;0;3;1;16.2183;
2038.png;8;0;15;18;3;1;6;11;14.7879;
2040.png;2;29;5;9;1;1;1;5;130.529;
2039.png;8;17;17;6;3;2;10;8;5.69781;
2041.png;7;24;12;10;3;0;8;0;3.44994;
2042.png;10;10;3;3;3;1;10;12;16.9145;
2043.png;9;25;4;12;3;1;2;0;23.8586;
2044.png;2;2;16;19;2;4;3;13;299.645;
2047.png;8;9;19;15;3;0;3;0;2.68357;
2045.png;3;27;2;7;3;1;9;12;13.1166;
2046.png;7;23;8;12;3;2;6;13;6.29339;
2048.png;10;3;16;19;3;0;6;5;4.69844;
2049.png;9;28;14;17;3;0;5;6;7.92649;
2050.png;8;6;8;13;3;1;9;5;5.48578;
2052.png;0;18;13;10;3;1;6;10;0.894862;
2051.png;10;17;6;18;3;2;10;8;6.79584;
2053.png;0;29;16;18;3;0;1;8;3.05588;
2054.png;0;22;9;19;3;1;8;0;2.09837;
2055.png;5;27;13;15;3;2;9;13;5.87214;
2056.png;0;5;8;18;3;2;5;0;5.81923;
2058.png;7;22;8;10;3;0;3;10;3.31791;
2059.png;9;23;8;15;3;0;3;10;2.44163;
2057.png;0;17;10;16;3;1;11;6;20.3376;
2060.png;3;25;7;17;3;1;1;1;23.5021;
2061.png;4;1;15;10;3;0;11;12;10.7298;
2062.png;0;18;9;16;3;5;6;0;27.7193;
2063.png;13;2;19;0;3;0;0;0;28.008;
2064.png;10;17;16;11;3;1;0;11;6.94267;
2065.png;0;28;19;18;3;2;9;11;4.61913;
2066.png;8;2;17;13;3;0;3;4;25.9472;
2067.png;5;8;9;9;3;1;10;1;7.92082;
2068.png;9;25;7;5;3;4;10;13;17.7516;
2069.png;0;11;9;3;3;1;5;9;5.61301;
2070.png;6;28;8;4;3;0;0;10;30.6782;
2071.png;4;2;2;5;3;0;5;12;6.36648;
2072.png;7;1;4;0;3;4;10;10;10.7409;
2073.png;7;4;8;17;3;5;3;6;37.3821;
2075.png;7;26;12;10;3;1;10;5;14.8177;
2074.png;12;11;19;18;3;4;8;11;16.36;
2076.png;2;27;19;15;3;2;8;8;13.5158;
2077.png;9;19;4;15;3;0;8;9;5.81613;
2078.png;8;14;19;9;3;4;8;11;9.79565;
2079.png;3;23;19;18;3;2;6;9;8.89602;
2080.png;1;7;12;13;3;1;6;8;18.6222;
2081.png;0;5;0;12;3;0;6;8;7.56134;
2082.png;12;7;19;9;3;1;7;9;24.0948;
2083.png;3;23;11;19;3;4;5;8;13.7974;
2084.png;11;28;16;13;3;4;1;11;14.9852;
2085.png;3;0;5;14;3;2;5;13;29.4916;
2086.png;1;17;19;15;3;2;9;6;19.5065;
2087.png;9;8;11;3;3;0;11;11;9.67864;
2089.png;0;25;14;0;3;2;8;12;9.66328;
2088.png;0;8;9;12;0;1;3;0;202.821;
2090.png;10;3;19;5;3;1;10;0;1.32452;
2091.png;10;13;9;17;3;1;6;3;32.3419;
2092.png;4;11;4;12;3;1;10;13;3.35338;
2093.png;6;18;16;3;1;0;10;5;139.875;
2094.png;11;4;19;3;3;1;5;12;9.74336;
2095.png;8;2;13;15;3;1;8;12;2.13357;
2096.png;10;27;18;15;3;1;0;8;9.23497;
2097.png;0;23;16;19;3;2;3;9;7.97542;
2098.png;12;6;13;18;3;1;7;10;18.1765;
2099.png;10;10;12;13;3;0;6;8;3.27527;
2101.png;10;11;6;18;3;5;0;13;34.3725;
2100.png;5;17;4;12;3;5;10;0;26.6067;
2103.png;10;24;9;13;3;0;1;5;5.69974;
2102.png;8;29;7;3;3;2;8;5;6.82896;
2104.png;11;3;18;0;3;1;1;11;11.5998;
2106.png;10;11;16;18;3;0;5;5;4.12194;
2107.png;8;16;8;19;3;1;6;5;4.67758;
2105.png;0;11;8;13;3;2;0;8;7.28008;
2108.png;0;16;14;10;3;1;0;0;4.47828;
2109.png;8;12;14;17;3;0;10;1;22.2043;
2110.png;12;28;16;12;3;1;11;4;35.8746;
2113.png;7;9;12;15;3;5;0;2;42.3551;
2111.png;2;0;16;13;3;0;10;0;23.0542;
2112.png;9;18;16;5;3;5;9;5;29.5682;
2114.png;2;9;19;15;3;0;8;13;13.8242;
2115.png;9;27;2;19;3;1;5;0;5.06841;
2116.png;3;11;19;10;3;4;6;11;11.9364;
2117.png;8;8;16;18;3;1;0;10;4.27545;
2118.png;3;11;15;13;3;1;5;6;6.70105;
2119.png;3;4;4;5;2;5;8;8;309.226;
2120.png;0;22;13;0;3;1;0;3;17.6734;
2121.png;7;28;9;18;3;0;5;10;2.96638;
2122.png;7;18;16;17;3;2;3;1;16.4301;
2123.png;7;8;16;0;3;0;10;12;2.42501;
2124.png;8;18;2;5;3;1;3;6;4.73982;
2125.png;10;15;16;0;3;2;8;10;5.4584;
2126.png;12;16;12;15;3;2;1;12;11.6185;
2127.png;10;6;2;9;3;5;6;11;29.375;
2129.png;9;16;19;17;3;4;6;0;14.5796;
2130.png;7;19;4;6;3;1;8;2;15.0858;
2131.png;3;16;12;13;3;2;8;12;5.66574;
2128.png;1;20;7;18;3;1;10;12;28.3444;
2132.png;0;24;5;19;3;1;5;7;21.8136;
2133.png;10;17;16;15;3;1;10;5;2.95242;
2134.png;11;13;14;9;3;2;1;12;21.9147;
2136.png;7;29;16;10;3;2;6;5;6.51827;
2135.png;10;8;13;6;3;1;3;1;9.2463;
2137.png;5;29;8;13;3;2;6;1;10.8254;
2138.png;11;3;9;15;3;1;8;10;4.83306;
2139.png;7;8;17;15;3;1;8;2;14.3808;
2141.png;9;22;12;13;3;0;11;10;7.96741;
2142.png;12;7;9;0;3;0;6;9;14.643;
2140.png;10;4;16;17;0;0;6;8;211.81;
2143.png;0;29;13;3;3;1;6;0;1.87232;
2144.png;0;17;7;10;3;0;8;1;8.74124;
2145.png;0;10;5;19;3;0;10;0;4.33679;
2146.png;3;28;14;6;3;5;6;5;31.7583;
2147.png;7;18;3;1;3;1;10;12;28.1549;
2148.png;9;11;8;12;3;1;9;1;9.89573;
2149.png;6;16;13;4;3;1;4;8;36.8638;
2150.png;10;27;5;4;3;5;7;12;40.4426;
2151.png;0;17;15;13;3;0;10;2;14.8293;
2152.png;9;22;2;4;3;1;3;12;8.60821;
2154.png;9;17;19;5;3;0;10;2;13.0092;
2155.png;8;16;5;0;1;1;8;10;116.294;
2153.png;0;29;9;17;0;1;6;9;210.914;
2156.png;0;23;9;9;3;2;9;12;4.36958;
2157.png;10;27;16;18;3;2;10;10;3.00928;
2158.png;5;15;9;19;3;4;8;13;14.0876;
2159.png;8;0;17;18;3;5;9;0;39.5058;
2160.png;8;16;17;17;3;1;6;8;7.21063;
2161.png;0;29;11;2;3;1;3;8;2.16722;
2162.png;8;2;6;10;3;5;6;6;31.2943;
2163.png;8;15;9;13;3;0;10;0;3.81223;
2164.png;9;28;5;3;3;1;9;11;3.21637;
2165.png;10;22;19;19;3;0;0;11;6.23035;
2166.png;2;16;10;17;3;0;10;6;28.27;
2167.png;4;22;19;10;3;0;3;8;2.19245;
2168.png;11;7;16;4;3;0;8;12;13.275;
2170.png;8;0;5;15;3;2;10;1;21.2571;
2169.png;8;6;12;6;3;4;9;8;12.6488;
2171.png;4;24;1;2;3;4;8;11;16.7335;
2172.png;2;3;12;6;3;0;3;12;13.5929;
2173.png;9;19;5;4;3;5;2;1;53.6837;
2174.png;5;13;4;3;3;1;1;8;16.7605;
2175.png;10;15;12;0;3;0;8;12;3.94898;
2176.png;4;28;11;5;3;4;6;10;11.2059;
2177.png;5;3;6;11;3;0;6;12;8.00285;
2178.png;3;22;19;10;3;0;7;11;13.8804;
2179.png;7;14;8;6;3;2;3;1;13.2432;
2180.png;5;4;2;19;3;0;10;4;31.122;
2182.png;9;29;19;12;3;0;1;6;4.24073;
2181.png;0;8;16;0;3;0;8;12;1.44963;
2183.png;12;20;4;10;3;1;10;8;20.1828;
2184.png;0;23;19;15;3;0;10;6;2.0784;
2185.png;10;27;12;17;3;0;6;8;6.70911;
2186.png;11;29;19;9;3;1;3;8;5.15691;
2187.png;8;21;6;19;3;1;10;7;28.1566;
2188.png;5;9;13;19;3;0;10;5;5.74171;
2190.png;9;11;12;13;3;1;6;12;1.35673;
2189.png;11;3;11;18;3;0;0;9;13.1657;
2191.png;4;27;16;13;3;0;11;11;8.43116;
2192.png;5;18;10;12;3;2;3;9;18.3136;
2193.png;8;8;18;10;3;0;8;11;6.79192;
2194.png;0;18;13;12;1;1;6;8;116.458;
2195.png;9;22;5;5;3;1;1;9;6.48981;
2196.png;4;10;16;18;3;1;8;10;3.15074;
2197.png;11;13;14;0;3;2;8;1;27.0461;
2198.png;4;27;19;13;3;1;6;8;1.3325;
2199.png;13;17;2;15;3;1;10;0;25.3438;
2200.png;10;8;4;10;1;1;8;12;116.393;
2201.png;11;22;4;15;3;1;1;12;6.58206;
2202.png;8;8;16;0;3;0;3;13;2.94651;
2203.png;9;19;7;18;3;0;11;11;8.84176;
2204.png;12;18;14;6;1;1;8;1;131.123;
2205.png;7;24;16;7;3;1;2;5;26.8379;
2208.png;12;22;13;19;3;2;3;8;11.1413;
2207.png;5;13;8;9;3;4;3;8;23.4244;
2209.png;3;18;13;12;3;0;0;0;7.68527;
2206.png;11;21;17;15;3;4;4;12;28.5905;
2210.png;4;18;12;1;3;1;10;0;14.2496;
2211.png;8;22;9;8;3;1;5;11;13.6289;
2213.png;8;7;9;15;3;1;10;8;3.89024;
2215.png;3;9;11;10;3;4;5;0;13.6;
2214.png;8;24;7;10;3;1;10;3;15.1384;
2212.png;9;8;14;5;3;5;9;8;27.4048;
2216.png;8;19;12;13;3;1;6;12;1.40039;
2217.png;12;17;19;10;3;0;3;9;11.8026;
2220.png;8;18;6;4;3;2;10;9;15.389;
2219.png;3;6;12;10;3;2;3;1;13.4199;
2218.png;8;12;19;12;3;1;6;10;9.93371;
2221.png;8;19;17;18;3;1;10;10;2.40316;
2222.png;11;7;12;5;3;0;6;11;9.2718;
2223.png;3;19;5;13;3;2;8;13;7.07148;
2224.png;7;11;9;3;3;0;5;8;3.77779;
2225.png;11;21;7;11;3;0;8;0;11.822;
2227.png;9;5;7;12;3;2;10;6;6.34493;
2226.png;10;27;16;10;1;1;5;8;116.366;
2228.png;9;11;18;15;3;2;6;12;8.50577;
2229.png;10;24;5;12;3;2;0;0;7.51864;
2230.png;8;21;13;4;3;4;5;5;20.1263;
2231.png;9;11;11;2;3;5;6;8;27.001;
2232.png;10;29;10;19;3;4;1;12;22.7655;
2233.png;0;18;6;0;3;1;10;3;17.9689;
2234.png;11;3;13;17;3;1;5;8;10.2283;
2236.png;10;9;4;19;3;4;10;8;11.1406;
2237.png;10;7;13;0;3;0;8;0;4.76673;
2238.png;5;26;11;2;3;0;9;1;21.1569;
2239.png;13;2;5;0;3;0;6;10;24.4384;
2235.png;8;22;4;13;3;1;7;10;11.0643;
2240.png;11;6;2;11;3;1;5;1;17.541;
2241.png;7;1;11;7;3;0;10;6;10.65;
2242.png;5;22;16;11;3;0;0;8;7.52775;
2243.png;0;10;7;15;3;0;6;11;3.98785;
2244.png;10;29;12;18;3;1;6;0;1.22842;
2245.png;1;2;14;15;3;0;9;11;18.6506;
2246.png;0;8;9;15;3;5;10;12;25.6328;
2247.png;13;5;4;6;3;2;1;13;31.1946;
2248.png;0;29;19;9;3;1;7;11;11.2825;
2250.png;10;27;14;0;3;0;5;5;4.07801;
2249.png;12;3;12;13;3;2;5;0;10.5185;
2251.png;11;13;9;16;3;1;9;12;20.7361;
2252.png;8;29;17;13;3;5;8;12;27.1718;
2253.png;2;14;1;18;3;2;10;2;30.5453;
2254.png;0;10;11;12;0;0;10;10;205.683;
2256.png;9;18;19;3;3;0;5;11;2.97239;
2257.png;3;18;5;15;3;2;5;8;5.82045;
2255.png;10;7;7;10;3;0;3;2;16.3169;
2258.png;4;23;15;2;3;1;6;6;4.49362;
2259.png;11;1;11;16;3;0;8;6;9.02444;
2261.png;8;25;9;13;3;4;6;5;17.7584;
2262.png;10;5;12;14;2;1;10;0;290.498;
2260.png;10;22;13;3;3;1;7;8;11.4323;
2263.png;5;26;9;2;3;1;8;10;11.7949;
2264.png;11;29;13;18;3;2;6;10;7.15293;
2265.png;13;18;13;11;3;4;6;9;37.076;
2268.png;13;27;4;18;3;2;1;1;33.6447;
2267.png;9;1;19;12;3;5;9;13;28.6909;
2266.png;5;10;19;0;3;1;0;12;6.26753;
2269.png;8;6;15;12;3;1;10;9;7.7636;
2270.png;3;23;4;2;3;1;3;6;4.37162;
2271.png;12;21;4;7;3;1;10;10;17.4783;
2272.png;10;0;9;10;3;1;9;13;14.3754;
2273.png;0;19;2;6;3;4;5;7;32.7855;
2274.png;12;8;0;5;0;1;0;1;223.63;
2275.png;3;16;4;4;3;0;10;10;8.82966;
2276.png;4;22;10;6;3;5;6;12;38.4274;
2277.png;3;6;12;13;0;1;10;10;205.381;
2278.png;9;29;5;9;3;1;8;1;8.08948;
2279.png;4;3;9;15;3;0;5;9;5.93183;
2281.png;0;23;5;5;3;2;8;13;4.87238;
2280.png;5;23;19;16;3;0;3;1;10.647;
2282.png;0;15;16;12;3;1;8;10;3.45508;
2283.png;13;9;13;4;3;2;9;9;35.3265;
2285.png;5;12;19;0;1;0;6;8;125.723;
2284.png;3;19;2;12;3;0;5;11;7.52397;
2286.png;2;19;12;13;3;0;0;10;15.7547;
2287.png;8;27;13;0;3;2;9;6;5.02668;
2288.png;9;26;5;3;3;1;8;0;12.4663;
2289.png;8;3;19;9;3;0;6;3;14.9911;
2290.png;5;6;13;12;3;2;11;8;10.6589;
2291.png;12;20;7;3;3;1;6;10;21.2803;
2292.png;10;17;5;17;3;2;10;10;8.2198;
2293.png;10;21;19;12;3;1;1;10;6.10327;
2294.png;9;29;11;3;3;1;10;5;4.89705;
2295.png;1;3;18;0;3;0;4;12;31.9107;
2296.png;0;23;19;3;3;4;1;0;11.6617;
2298.png;0;1;19;18;3;1;8;11;1.36314;
2297.png;1;23;13;9;3;1;10;8;15.4941;
2299.png;3;8;13;5;3;4;9;9;16.5353;
2300.png;1;22;9;9;3;2;0;5;23.4822;
2301.png;11;27;16;16;3;1;11;0;12.8473;
2302.png;11;18;16;15;3;1;5;0;5.21481;
2304.png;5;22;16;10;3;1;9;10;2.18176;
2303.png;7;8;9;6;3;0;0;5;9.52998;
2305.png;2;27;7;2;3;1;6;13;12.9127;
2306.png;9;2;16;19;3;0;11;11;10.1877;
2307.png;3;27;9;13;3;0;6;11;3.96976;
2308.png;10;24;4;11;3;1;0;0;7.62279;
2309.png;10;10;4;14;3;2;3;9;20.0639;
2310.png;10;8;15;18;3;1;10;0;3.20364;
2311.png;8;22;16;11;3;1;10;10;3.25947;
2312.png;12;15;17;18;1;0;6;5;129.075;
2313.png;10;29;7;10;3;0;3;1;9.04154;
2314.png;7;13;7;10;3;2;3;0;18.2161;
2315.png;3;18;5;9;3;5;8;2;39.3232;
2317.png;4;17;18;10;3;5;3;0;31.6175;
2316.png;4;12;6;17;1;0;10;8;134.948;
2318.png;2;9;4;0;3;2;11;12;20.6198;
2319.png;7;14;9;7;3;1;10;10;8.32242;
2320.png;13;18;7;18;3;2;9;0;26.7616;
2321.png;1;16;11;5;3;2;3;8;19.2481;
2323.png;8;17;5;19;3;4;1;5;14.1291;
2324.png;11;20;16;13;3;2;5;5;22.0875;
2322.png;0;3;2;11;3;2;10;5;10.2931;
2325.png;4;1;19;12;3;1;5;8;2.21368;
2326.png;3;18;9;15;0;0;3;13;206.603;
2327.png;0;26;9;12;3;4;10;8;19.8925;
2329.png;11;10;16;11;3;1;6;9;12.311;
2328.png;4;14;13;10;3;1;3;8;1.70887;
2330.png;10;17;14;0;3;2;8;6;3.92149;
2331.png;9;1;9;0;3;0;0;11;5.51654;
2332.png;13;27;19;6;3;1;3;0;24.4764;
2333.png;0;28;17;2;3;1;5;0;2.748;
2334.png;2;15;14;12;3;1;1;3;28.7275;
2336.png;8;2;16;5;3;0;6;8;2.9101;
2335.png;10;28;6;13;3;0;10;5;7.48584;
2337.png;3;5;13;12;3;0;3;11;6.31616;
2338.png;12;11;15;6;3;1;10;8;11.3308;
2340.png;10;16;16;0;3;1;6;8;0.706571;
2339.png;8;6;6;2;3;0;6;3;19.4892;
2342.png;5;14;9;5;3;0;4;12;13.0422;
2341.png;5;9;9;0;3;1;8;0;2.03742;
2344.png;9;0;13;1;3;0;6;11;25.73;
2345.png;7;22;5;5;3;1;10;10;2.31091;
2343.png;4;7;14;2;3;1;10;13;5.82409;
2346.png;8;24;9;15;3;1;5;11;2.07241;
2348.png;9;18;13;18;2;0;9;8;279.218;
2347.png;0;18;7;9;3;4;3;13;11.3251;
2349.png;4;1;11;15;3;1;8;6;3.30221;
2350.png;12;9;13;10;3;0;11;11;15.3128;
2351.png;8;14;14;2;3;5;10;12;25.9114;
2352.png;12;22;16;6;3;1;8;5;11.0812;
2353.png;2;17;16;0;3;0;7;10;21.6235;
2354.png;2;25;12;2;1;4;10;6;142.014;
2355.png;10;14;14;0;3;4;8;6;10.0303;
2359.png;13;8;9;8;3;0;11;11;41.8657;
2358.png;7;29;2;15;3;5;4;12;40.3825;
2357.png;3;12;5;2;3;2;4;10;25.1764;
2356.png;0;11;16;5;3;1;3;8;1.64333;
2360.png;10;2;12;17;3;0;8;5;10.1334;
2361.png;8;10;5;8;3;1;6;0;14.873;
2362.png;7;1;19;2;3;2;9;5;7.85752;
2365.png;0;9;18;17;3;5;10;6;37.1538;
2363.png;8;24;7;2;3;1;6;11;2.24493;
2366.png;13;7;9;10;0;1;3;0;227.484;
2364.png;9;18;12;10;0;1;3;12;202.754;
2367.png;3;15;5;12;3;5;1;6;32.8076;
2368.png;8;22;13;0;3;1;10;10;0.909599;
2369.png;8;29;19;10;3;2;3;12;3.5423;
2371.png;0;17;19;11;3;1;10;5;5.40819;
2370.png;5;15;16;15;3;1;10;4;25.1992;
2372.png;9;3;8;19;3;1;8;11;2.97249;
2373.png;9;8;19;17;3;0;5;4;28.927;
2374.png;2;8;13;2;3;4;3;12;19.8291;
2375.png;8;8;15;15;3;4;3;4;33.7731;
2376.png;11;17;9;10;3;0;6;10;5.23683;
2377.png;5;28;16;12;3;5;6;5;28.5395;
2378.png;9;24;17;3;3;1;0;12;6.89062;
2379.png;11;6;5;2;3;0;5;6;7.12684;
2381.png;12;24;5;18;3;4;6;9;19.7973;
2380.png;3;27;11;1;3;1;6;13;17.7984;
2383.png;3;6;15;15;3;4;8;11;15.0185;
2382.png;5;7;12;18;3;1;6;1;11.1293;
2384.png;1;14;12;18;3;3;0;0;38.3598;
2385.png;8;24;17;3;3;1;8;5;5.65323;
2387.png;9;3;12;10;3;5;10;0;26.1407;
2386.png;8;22;8;12;3;5;5;8;26.8772;
2389.png;10;11;12;12;3;1;6;7;20.5294;
2388.png;9;28;7;5;3;0;8;13;3.88566;
2390.png;10;17;19;11;1;1;3;8;118.76;
2391.png;11;28;19;6;3;1;3;8;6.3636;
2393.png;3;24;6;6;3;1;7;6;19.3759;
2392.png;7;5;7;3;3;1;5;9;8.71015;
2394.png;5;2;5;9;3;2;5;12;4.99357;
2395.png;2;11;11;3;3;1;11;10;19.1991;
2396.png;9;7;15;2;3;1;10;2;17.5381;
2397.png;9;22;7;12;3;0;0;9;9.31193;
2398.png;12;27;12;13;3;1;10;12;7.58963;
2399.png;7;11;12;16;3;0;9;12;5.95738;
2400.png;0;14;0;15;3;5;0;11;33.7517;
2401.png;2;18;16;3;3;1;6;10;11.8623;
2402.png;4;11;2;12;3;4;9;12;13.8764;
2403.png;4;13;19;10;3;3;1;11;35.5033;
2404.png;12;6;14;4;3;1;11;12;19.3738;
2405.png;8;17;16;13;3;1;10;0;0.910755;
2406.png;2;2;8;18;3;2;10;11;15.2495;
2407.png;7;14;8;13;3;0;10;11;3.34615;
2408.png;0;19;0;19;3;0;5;13;8.65008;
2409.png;0;5;13;0;3;2;1;0;6.64989;
2410.png;7;1;17;18;3;0;9;13;6.31316;
2412.png;8;10;13;9;3;1;8;3;16.2076;
2411.png;7;22;7;10;3;2;0;0;8.30582;
2413.png;5;13;7;18;3;0;9;10;16.4052;
2414.png;0;24;13;19;0;2;8;10;206.235;
2415.png;1;9;9;9;3;0;6;6;17.4923;
2416.png;3;29;7;2;3;1;1;11;5.70219;
2417.png;4;27;14;3;3;1;0;5;7.88768;
2418.png;6;17;16;10;3;2;10;11;23.5597;
2420.png;1;7;13;15;3;0;10;13;20.3639;
2419.png;9;17;0;17;3;2;3;1;19.6537;
2421.png;7;5;6;6;3;1;9;9;13.4536;
2422.png;9;9;14;13;3;0;9;11;3.81086;
2423.png;5;28;19;2;3;2;6;13;4.81317;
2424.png;8;26;19;7;3;2;5;1;27.2738;
2425.png;11;5;14;13;3;4;3;10;15.0913;
2426.png;10;29;12;0;3;1;8;6;1.85589;
2427.png;9;9;2;18;3;0;10;8;4.69004;
2428.png;3;13;19;3;3;1;11;12;23.0942;
2429.png;0;24;5;0;3;1;6;11;1.6399;
2430.png;10;23;13;9;3;2;8;2;14.4866;
2431.png;10;7;7;5;3;0;11;6;12.2129;
2432.png;0;3;2;1;3;2;10;8;18.1303;
2433.png;7;11;14;10;3;2;10;11;4.77155;
2434.png;10;3;9;15;2;1;8;0;277.6;
2436.png;4;10;9;3;3;2;3;6;7.05173;
2435.png;0;16;8;11;3;2;6;13;7.31853;
2438.png;12;11;14;10;3;0;5;8;8.68051;
2437.png;0;19;17;19;3;2;8;10;5.91715;
2439.png;2;2;16;10;3;1;6;12;12.1335;
2440.png;4;29;18;19;3;2;10;12;9.83284;
2441.png;11;19;7;10;3;3;10;8;24.5212;
2442.png;3;7;16;16;3;2;3;0;10.774;
2444.png;4;11;2;10;3;4;10;4;34.265;
2443.png;10;28;5;7;3;2;6;13;10.8327;
2445.png;0;22;14;15;3;2;5;0;3.78611;
2446.png;4;23;7;0;3;2;6;5;6.42832;
2447.png;1;15;15;18;3;5;11;5;53.2639;
2448.png;8;17;8;8;3;2;6;6;16.4682;
2450.png;0;8;16;8;3;1;6;10;12.9201;
2449.png;3;18;12;16;3;0;11;9;15.5196;
2451.png;4;7;16;9;3;0;10;13;6.37272;
2452.png;9;15;16;14;3;0;9;9;19.6263;
2453.png;0;28;6;4;3;2;5;7;31.3493;
2454.png;4;14;8;15;3;1;0;10;5.51015;
2455.png;4;0;17;13;3;1;1;12;15.503;
2456.png;10;8;14;10;3;1;5;12;1.19073;
2457.png;9;23;5;0;3;2;6;12;3.28099;
2458.png;11;8;18;2;3;2;6;3;25.3505;
2459.png;0;8;0;19;3;0;9;6;8.46244;
2461.png;9;7;5;6;0;5;8;11;232;
2460.png;3;6;13;10;3;1;8;0;4.11992;
2462.png;5;11;5;18;3;1;3;6;2.19488;
2463.png;0;20;9;17;3;5;2;2;70.3228;
2464.png;1;3;13;18;3;4;9;8;24.8709;
2465.png;8;21;13;15;3;1;1;10;6.007;
2468.png;1;19;5;19;3;1;1;13;19.6689;
2467.png;0;14;19;11;3;0;3;9;7.70921;
2466.png;10;24;9;14;3;1;9;9;17.097;
2469.png;7;27;12;2;3;1;10;6;2.79642;
2470.png;12;27;11;3;3;1;7;12;19.0051;
2471.png;11;3;16;0;3;1;6;9;8.18559;
2474.png;0;14;4;9;3;4;10;12;9.57424;
2472.png;12;7;9;3;3;1;10;12;11.1818;
2473.png;5;2;16;2;3;0;6;12;2.81365;
2475.png;7;26;14;2;3;1;9;2;24.8699;
2476.png;5;14;6;9;3;1;1;12;6.72925;
2477.png;2;29;12;2;0;0;1;5;217.296;
2478.png;0;18;7;6;3;4;10;5;13.21;
2480.png;10;28;9;0;3;2;10;2;14.2414;
2479.png;0;10;4;10;3;2;10;6;5.69884;
2481.png;11;8;5;17;3;0;10;0;10.504;
2482.png;12;27;13;13;3;2;11;11;16.2957;
2483.png;11;8;4;6;3;1;0;8;9.70646;
2484.png;5;10;8;9;3;5;10;8;28.2556;
2485.png;2;6;3;19;3;0;8;13;28.6291;
2486.png;0;17;19;18;3;1;6;2;11.8648;
2487.png;2;22;12;12;1;5;6;12;151.784;
2488.png;0;8;5;3;3;0;11;10;8.35393;
2489.png;10;7;16;15;3;0;10;8;4.40462;
2490.png;8;6;13;13;3;2;10;10;3.97485;
2491.png;0;4;13;17;3;1;3;9;13.799;
2492.png;7;7;9;8;3;2;6;0;19.5671;
2493.png;7;11;4;19;3;4;8;12;11.9126;
2494.png;10;8;13;3;3;2;1;0;5.62937;
2495.png;12;28;12;0;3;1;2;1;30.4004;
2496.png;11;26;5;18;3;2;1;7;38.1417;
2497.png;3;0;18;6;3;1;3;9;24.5081;
2498.png;10;13;13;3;3;1;0;1;24.9115;
2499.png;3;13;5;17;3;1;10;11;21.5969;
2500.png;0;5;16;17;1;1;11;13;130.358;
2501.png;3;5;19;19;3;1;6;12;5.86579;
2502.png;8;27;5;5;3;2;5;13;5.2052;
2503.png;8;23;13;10;3;0;11;6;8.34996;
2504.png;12;3;9;10;3;0;9;0;9.32374;
2505.png;7;5;16;17;3;1;7;12;18.6244;
2507.png;4;0;12;10;1;0;6;9;132.281;
2506.png;8;13;19;16;3;1;6;11;16.149;
2508.png;8;7;11;3;3;0;0;0;9.8258;
2509.png;5;23;15;15;3;1;3;0;3.94284;
2510.png;7;17;14;12;3;1;0;11;6.05299;
2511.png;10;11;19;12;3;2;10;5;5.77085;
2513.png;5;7;14;3;2;1;3;8;281.759;
2512.png;2;14;5;15;3;2;10;12;13.4848;
2515.png;9;2;19;10;3;0;8;12;2.68994;
2514.png;0;17;2;2;3;1;6;3;16.7266;
2516.png;10;19;7;12;3;2;3;0;4.64611;
2.png;4;7;14;15;3;1;3;11;5.18532;
2517.png;5;19;8;0;3;0;6;12;2.55788;
2519.png;5;18;14;19;3;5;8;9;30.7559;
2518.png;9;28;8;19;3;1;6;6;3.31426;
2520.png;10;10;9;0;3;2;6;8;4.7698;)